"","GupDM_A_11","GupDM_A_15","GupDM_A1","GupDM_A10","GupDM_A12","GupDM_A13","GupDM_A14","GupDM_A2","GupDM_A3","GupDM_A4","GupDM_A5","GupDM_A6","GupDM_A7","GupDM_A8","GupDM_A9","GupDM_HAG","GupDM_HAH","GupDM_HAI","GupDM_HAJ","GupDM_HAK","GupDM_HAL","GupDM_HAM","GupDM_HAN","GupDM_HAO","GupDM_HAP","GupDM_HAR","GupDM_HAT","GupDM_HBR","GupDM_HCL","GupDM_HCM","GupDM_HCN","GupDM_HCO","GupDM_HCP","GupDM_HCQ","GupDM_HCR","GupDM_HCS","GupDM_HCT","GupDM_HCU","GupDM_HCV","GupDM_HCY","GupDM_HDB","GupDM_HDF","GupDM_HP","GupDM_HR","GupDM_HS","GupDM_JA","GupDM_JB","GupDM_JC","GupDM_JD","GupDM_JE","GupDM_JG","GupDM_JH","GupDM_JI","GupDM_JJ","GupDM_JK","GupDM_JL","GupDM_JM","GupDM_JN","GupDM_JO","GupDM_JP"
"species-Escherichia_coli",1632336,5666898,6814491,2891920,90112,1030398,529269,333069,0,1119,177424,0,376532,6313393,13473,70242,8769,4084,0,30042,313607,1257467,39320,26727,28929,1377,266858,0,0,128260,107714,0,352035,3768,322949,0,18132,673387,7332,515884,0,15549,39799,4485,35471,0,103089,98342,271717,79119,1252521,93440,379499,315114,105493,15701,104562,130140,388697,767372
"species-Alistipes_putredinis",964884,0,225222,0,0,0,0,24332,0,338150,4172,2204932,5880,0,0,0,0,0,277574,0,0,958044,456855,0,0,0,0,7833,0,11341,0,360,0,659387,0,0,0,0,8763,252328,5139,777847,0,82967,0,0,0,24442,9949,12252,0,0,9975,10483,8187,0,12497,19073,7310,4708
"species-Porphyromonas_asaccharolytica",463162,0,92810,0,0,0,0,61750,0,0,0,0,0,0,0,0,0,0,0,0,0,0,0,0,0,0,0,0,0,0,0,0,0,0,0,0,0,0,0,0,0,0,0,0,0,0,0,0,0,0,0,0,0,0,0,0,0,0,0,0
"species-Bacteroides_uniformis",455979,0,297353,0,18753,0,401531,305798,50229,31476,0,819510,26522,0,6347,0,0,0,40977,0,0,46232,824912,359372,0,0,0,22350,0,2352,403119,20211,66951,1813469,49161,0,0,0,26258,140621,28060,1839929,0,0,0,0,142012,41066,106644,0,1815,513697,165371,279709,220362,0,191351,199617,160494,45007
"species-Prevotella_stercorea",400637,0,235682,0,3079,0,328815,56477,0,0,94062,0,0,0,0,0,0,0,0,689680,387998,581061,0,1980157,0,686055,0,0,21419,0,13041,0,0,0,0,281848,0,2279801,0,0,0,0,194378,541205,132201,0,2740,161534,674920,2368747,95012,136355,125305,1955335,1739387,36799,194492,167850,115927,1288061
"species-Prevotella_sp._CAG-279",243521,0,1270437,0,0,0,2537866,22604,0,0,25182,0,0,0,0,124603,29027,62032,0,167221,1190,0,0,2072303,0,7699,5255,0,0,110690,0,0,430241,0,351171,93451,0,110126,0,0,0,0,0,0,318741,0,872336,1208,11207,108052,0,3663213,730881,46153,1674779,0,1201249,1201722,827305,311151
"species-Dialister_sp._CAG-357",236139,0,395246,461279,0,251825,0,0,0,0,0,0,0,0,0,0,386873,1131806,185027,0,0,0,0,0,0,160146,0,827086,0,0,36510,0,0,0,0,0,0,0,0,62769,918238,0,0,135165,0,534027,0,0,0,0,0,0,0,0,0,727750,0,0,0,0
"species-Phocaeicola_massiliensis",205918,0,42062,0,0,0,0,0,0,0,0,0,0,0,0,0,0,0,0,0,0,0,0,0,0,0,0,14428,0,0,0,0,0,0,0,0,0,0,0,0,18729,0,0,0,0,0,0,0,0,0,0,0,0,0,0,0,0,0,0,0
"species-Prevotella_bivia",158517,0,30301,0,0,0,0,0,0,0,10131,0,0,0,0,0,0,0,0,0,0,0,0,0,0,0,0,0,0,0,0,0,0,0,0,0,0,0,0,0,0,0,0,0,0,0,0,0,0,0,0,0,0,0,0,0,0,0,0,0
"species-Odoribacter_splanchnicus",150636,0,68169,0,17126,0,77520,71290,77685,15954,16572,115029,592,0,0,5362,1987,0,5705,3038,0,69091,15659,0,1058,0,0,4027,0,0,8297,2388,0,6468,29934,0,0,0,2381,3557,5706,57270,0,9182,3080,0,23449,1122668,523594,193059,0,45138,628501,573081,147111,56065,845238,820613,545095,116090
"species-Porphyromonas_uenonis",135260,0,25984,0,0,0,0,7096,0,0,0,0,0,0,0,0,0,0,0,0,0,0,0,0,0,0,0,0,0,0,0,0,0,0,0,0,0,0,0,0,0,0,0,0,0,0,0,0,11768,0,0,0,0,58298,0,0,0,0,0,0
"species-Clostridium_sp._CAG-413",126864,0,24296,0,0,0,0,1801186,0,0,0,0,0,0,0,0,0,0,0,0,0,0,0,0,0,0,0,0,0,0,0,0,0,0,0,46485,0,0,0,0,0,0,0,0,0,0,0,0,0,71051,27179,0,0,0,54221,0,0,0,0,52958
"species-Parvimonas_micra",95299,0,13968,0,0,0,0,577402,0,223888,24865,0,0,0,0,0,0,0,0,0,0,0,0,0,0,0,0,0,0,0,0,0,0,0,0,0,0,0,0,0,0,0,0,0,0,0,11828,0,0,0,0,0,8438,0,0,0,0,0,7616,1588
"species-Bacteroides_fragilis",94143,4683,568444,19493,22726,0,65765,71690,0,217569,19430,0,0,4389,560,0,25902,0,651391,0,0,2853,0,0,20574,0,0,0,0,0,358824,0,0,0,0,0,0,0,0,625582,0,689,0,0,0,0,8852,962266,376773,0,7381,82973,461727,403872,31367,74942,797603,753676,414356,5593
"species-Peptostreptococcus_anaerobius",84893,0,13899,0,0,0,0,0,0,0,190056,0,0,0,0,0,0,0,0,0,0,0,0,0,0,0,0,0,0,0,0,0,0,0,0,0,0,0,0,0,0,0,0,0,0,0,0,0,0,0,0,0,0,0,0,0,0,0,0,0
"species-Bacteroides_intestinalis",65302,0,12551,0,0,0,0,1934,89609,0,0,11344,0,0,0,0,0,0,0,0,0,0,0,723,0,0,0,0,0,0,0,0,0,0,0,0,0,0,0,0,0,0,0,0,0,0,0,46746,154252,131039,0,0,31092,389425,89278,0,35674,32470,22894,70092
"species-Bacteroides_thetaiotaomicron",62948,5640,231166,49805,13439,274038,119904,38153,173333,67371,0,113449,1876,3475,10165,0,2617,387,5632,0,0,31559,65567,0,0,0,0,1933,0,0,11499,0,8276,2824,0,0,0,1061,0,14929,1151,29221,0,829,0,0,99149,6425,2831,7289,0,145945,96229,4886,66988,0,53852,56268,100910,30797
"species-Firmicutes_bacterium_CAG-170",62914,0,11025,0,0,0,0,0,0,27534,23677,0,9370,0,0,747,0,0,0,24916,7730,4662,0,0,0,0,0,594,0,3114,38602,19113,91711,0,0,32879,0,0,26090,0,0,0,14280,0,110194,0,0,6413,8213,61630,872357,0,13974,7181,40280,960,3532,4461,10272,555061
"species-Bacteroides_caccae",61138,0,62485,0,0,0,109175,0,243085,0,39492,11561,36384,0,0,10823,11934,0,86525,0,0,21560,506944,22029,0,0,0,15449,0,0,182802,1369,330571,63269,12590,0,0,0,3266,75149,20413,244078,0,307264,683,0,0,94609,29651,0,0,126373,39376,30329,58611,0,114017,124085,37018,0
"species-Ruminococcus_bromii",54519,0,26278,37279,0,0,0,0,170503,0,20909,62102,0,0,0,38924,0,21948,129086,23718,939,1200966,5124,0,0,0,0,317,0,0,273372,13789,0,0,0,0,12179,0,21879,0,2714,42517,0,0,0,406286,0,21391,8004,12114,69449,0,8249,6767,7476,453239,13002,12214,10990,46919
"species-Phocaeicola_vulgatus",49735,4269,856956,65124,288176,0,1511950,128318,856697,33531,38595,0,62972,3247,144528,119035,18442,154252,1295356,0,0,195830,4502017,7410,13418,0,0,217209,0,5006,359116,0,2230415,92253,349146,0,0,0,0,325566,232062,0,0,162331,93216,0,489511,525773,199132,528588,57439,2568757,712156,243319,1656667,23719,1186789,1186616,741536,508462
"species-Parabacteroides_distasonis",44872,11252,135161,0,1351,0,129404,107556,65112,5655,0,23194,30596,12012,0,7271,3111,0,186968,7059,0,89841,71699,75619,0,0,0,493,0,9602,42787,0,87636,36630,0,0,0,5158,0,11180,3172,37605,0,5508,0,170150,79039,176782,91906,473226,0,170553,183699,97762,383961,221703,194709,179893,170672,273378
"species-Coprococcus_eutactus",42248,0,4696,0,0,0,0,0,0,685749,0,0,0,0,0,32603,20993,0,0,0,10668,0,0,0,27640,0,24334,15273,1359,0,97097,0,0,331,0,0,0,0,0,46419,24192,0,6451,30649,0,2208,0,0,0,0,0,0,0,0,0,7389,0,0,0,0
"species-_rectale",33218,0,13952,2084,0,0,9205,0,0,1654291,101513,0,25928,0,0,125478,1007875,574860,39718,730461,1457981,26625,154491,1348993,124824,40748,396318,66792,56474,9438,998445,0,0,95782,337397,159447,10368,0,0,111700,77440,28808,271647,21833,201451,0,0,0,0,0,87517,15850,0,0,832,0,1850,1666,0,49643
"species-Limosilactobacillus_mucosae",31509,0,127262,256885,0,0,5390,0,0,0,0,0,0,0,0,0,0,0,0,0,0,0,0,0,0,0,0,0,0,0,0,0,0,0,0,0,3936,0,0,0,0,0,0,0,0,0,0,0,0,0,0,12759,0,0,3166,0,2610,387,0,0
"species-Bacteroides_ovatus",27756,0,115611,75952,123646,0,71383,17413,92925,0,40533,170562,1220,0,3529,36345,725,24646,18028,20616,0,23134,0,5285,24716,0,2516,14770,0,2461,150012,0,6179,119171,12961,0,7235,0,0,59044,20824,2285862,0,10556,0,5614,0,205952,90747,19052,0,161706,97363,77683,51199,14997,181785,189563,117949,13199
"species-Butyricimonas_virosa",20346,0,3048,0,0,0,0,0,18075,6114,0,9259,0,0,0,0,0,0,0,0,0,5716,0,0,0,0,0,0,0,0,0,0,0,0,5051,0,0,0,0,0,0,0,0,1003,0,0,1129,35662,25187,53656,0,0,25922,45296,39584,0,24691,21197,28389,27125
"species-Parabacteroides_goldsteinii",19889,0,1982,0,0,0,0,0,6236,0,0,0,0,0,0,0,0,0,0,0,0,0,0,0,0,0,0,0,0,0,0,0,0,0,0,0,0,0,0,0,0,0,0,0,0,0,0,14974,4389,0,0,0,5319,6520,0,0,3726,6327,2399,0
"species-Lachnospira_eligens",19842,0,150297,0,0,341423,0,0,0,39691,0,4773,5057,0,63904,77985,29576,80376,129304,47359,79373,204153,1984,785885,34710,9992,15257,2984,0,0,25523,0,0,6524,26219,12315,14118,0,0,9390,2881,11935,130887,17869,16651,22779,64910,14243,5307,135231,101638,0,57991,6659,86811,37366,11959,10247,59441,132642
"species-Roseburia_inulinivorans",19517,0,151510,3257,570641,181243,124514,119308,0,20098,0,559,166513,0,160845,0,703,355943,495627,144339,247765,0,268103,53749,0,47331,30728,1268,12642,35767,48956,9947,181251,53437,280755,3191,0,0,14949,9853,1288,1224,0,25047,73078,0,46726,65110,16283,0,46508,50426,68247,25028,17439,0,67708,63378,69696,35470
"species-Peptostreptococcus_stomatis",19101,0,1639,0,0,0,0,0,0,977,734,0,0,0,423,0,0,0,0,0,0,0,0,0,0,0,0,0,0,0,0,0,0,0,0,0,0,0,0,0,0,0,0,0,0,0,0,0,0,0,0,0,0,0,0,0,0,0,0,0
"species-Oscillibacter_sp._57_20",18085,0,10264,13377,0,0,0,3070,16995,0,26114,40325,0,0,0,14135,8141,0,0,43384,0,9466,0,0,19711,0,6345,2039,0,12485,11891,1326,136944,69236,18047,93826,0,4051,4054,0,3207,3907,16715,9119,42358,34197,30602,1236,27082,48100,114983,0,27679,100655,37240,44992,0,0,34299,99023
"species-Faecalibacterium_prausnitzii",16353,0,241397,63251,45286,143769,0,0,0,1158375,93652,321491,151772,402,169554,47361,246256,294482,299700,349395,224920,365994,227316,152115,157078,38969,22676,233975,49793,105006,365467,688029,90083,123310,146662,52530,0,195884,765614,57758,228491,214786,43409,27912,89218,1266,60171,0,0,35881,137227,0,47437,3966,19457,10962,0,0,59277,93279
"species-Phocaeicola_dorei",16101,0,3255896,0,0,0,0,326706,0,0,0,212266,11799,0,0,0,0,0,32813,0,0,973,0,0,0,0,0,0,0,0,0,5697,66226,161756,0,0,0,0,11504,25762,0,1155375,0,0,11177,0,0,0,0,0,0,0,0,0,0,0,0,0,0,0
"k__Bacteria|p__Bacteroidetes|c__Bacteroidia|o__Bacteroidales|f__Tannerellaceae|g__Parabacteroides|s__Parabacteroides_gordonii",13331,0,2196,0,0,0,0,0,0,0,0,415,0,0,0,0,0,0,0,0,0,0,0,0,0,0,0,0,0,0,0,0,0,0,0,0,0,0,0,0,0,0,0,0,0,0,0,0,0,0,0,0,0,0,0,0,0,0,0,0
"species-Dorea_longicatena",9147,0,34864,94038,0,0,0,0,0,8287,33784,0,2084,0,0,0,31085,26955,1426,24587,155366,9724,945119,0,33535,0,9817,3519,2344,0,95497,0,0,0,58209,0,0,0,0,0,6466,2464,59883,0,5704,0,0,0,0,0,23417,0,0,0,0,0,0,0,0,13568
"species-Lactobacillus_amylovorus",7613,0,0,0,0,0,0,0,0,0,0,0,0,0,0,0,0,0,0,0,0,0,0,0,0,0,0,0,0,0,0,0,0,0,0,0,4152,0,0,0,0,0,0,0,0,0,0,0,0,0,0,0,0,0,0,0,0,0,0,0
"species-Prevotella_copri",7138,0,140679,19004,0,0,240327,13799,0,349691,983651,400988,2176063,0,0,6282658,8057518,12021049,0,5832598,2102180,2415138,0,4991782,10779558,8816203,3185009,1560357,5636524,6207595,1555034,7564016,180840,0,3414201,2382916,0,3583948,9036882,2430576,1834174,0,4350684,6578218,8439413,1008334,1520796,0,2736,182206,366055,147132,1255824,10687,181715,1200525,54335,58214,1316349,682960
"species-Dorea_formicigenerans",6742,0,0,0,135363,0,0,0,20022,5290,5138,0,2421,0,0,0,0,36624,0,0,2423,0,0,0,0,0,0,173,0,0,37188,0,0,0,0,0,0,0,0,0,2107,0,0,0,0,0,2459,5884,0,0,4063,0,5134,801,0,0,610,1367,4339,4890
"species-Bacteroides_xylanisolvens",6624,46953,40844,0,5671,0,0,0,0,31916,0,0,0,64796,0,6712,0,17875,0,13183,0,113585,732779,300814,0,0,3462,0,0,0,29562,1077,7432,3208,0,0,0,0,1503,11380,0,0,0,0,151,9372,144499,29712,11734,50262,0,0,172194,11201,36330,17444,19972,20571,172793,60273
"species-Phascolarctobacterium_faecium",6492,0,0,0,13978,0,0,28336,0,0,0,0,0,0,0,0,0,0,0,0,0,0,61230,0,0,0,0,0,0,0,0,0,0,0,0,0,0,0,0,0,0,4250,0,11635,0,0,0,212531,89266,0,0,0,127209,96967,0,2469,129541,145575,118059,0
"species-Akkermansia_muciniphila",5254,0,3555,4186,3053,0,0,0,81235,3281910,0,0,0,0,0,0,0,0,0,0,0,144015,0,0,0,0,0,0,0,0,0,2214,223121,151087,0,0,0,0,3685,0,0,4309,0,0,0,318703,0,270208,424044,476155,0,0,470839,435009,340386,462735,228266,191011,424749,278540
"species-Parasutterella_excrementihominis",5041,27818,440761,409435,0,509706,0,0,0,10142,0,0,0,25852,0,0,0,0,35897,0,9865,0,0,0,0,0,0,0,0,0,0,0,0,0,0,0,0,0,0,14731,0,49127,0,0,0,0,0,0,0,0,0,0,0,0,0,0,0,0,0,0
"species-Slackia_isoflavoniconvertens",4198,0,0,0,11454,0,0,4086,0,0,5779,0,22186,0,0,0,0,0,11681,0,27423,12951,0,279301,0,0,0,5824,6405,0,174447,0,55319,0,0,0,0,157146,0,0,3089,0,0,0,3414,0,0,0,0,0,1710,0,0,0,0,0,0,0,0,0
"species-Bacteroides_nordii",3963,0,1562,0,0,0,0,0,0,1465,0,0,0,0,0,0,0,0,0,0,0,0,0,0,0,0,0,0,0,0,0,0,0,0,0,0,0,0,0,0,0,0,0,0,0,0,0,0,0,0,0,1532,0,0,0,0,0,377,0,0
"species-Firmicutes_bacterium_CAG-110",3879,0,0,0,0,0,0,0,0,87399,0,0,0,0,0,0,0,0,0,21739,552,12165,0,0,0,0,0,0,0,33384,11604,3080,0,0,0,6523,0,0,3341,0,0,0,0,0,3840,17519,0,20076,19889,0,9278,0,32826,23331,1175,46803,19924,12583,30019,12996
"species-Dialister_micraerophilus",3347,0,0,0,0,0,0,0,0,0,0,0,0,0,0,0,0,0,0,0,0,0,0,0,0,0,0,0,0,0,0,0,0,0,0,0,0,0,0,0,0,0,0,0,0,0,0,0,0,0,0,0,0,0,0,0,0,0,0,0
"species-Bacteroides_eggerthii",2260,0,409369,0,0,0,853159,85370,0,0,0,0,0,0,0,959,0,0,0,0,0,0,0,0,0,0,0,0,0,0,0,0,0,0,0,0,0,0,0,0,0,0,0,0,0,0,0,36004,39120,8389,0,1252474,24994,81808,535967,0,413599,442870,17193,16031
"species-Coprococcus_comes",2252,0,42655,0,0,0,86953,0,0,0,816,0,13682,0,0,0,0,8376,1466,36733,48789,0,19422,45857,5771,0,7041,0,0,5902,37978,1117,0,0,10564,0,861,0,4683,7138,0,0,6592,0,0,33695,0,0,0,17643,19608,32588,0,0,29857,42245,6786,11845,0,22075
"species-Parabacteroides_merdae",1709,0,591582,0,8443,0,1229206,20207,185669,12963,0,139386,45954,0,0,8021,614,1868,77379,12741,4320,0,484369,70096,9091,0,10500,7074,0,0,0,0,68755,0,0,0,0,0,0,107802,8862,0,0,24069,2062,0,0,136364,67069,0,0,1830172,80905,63977,792288,0,686949,691586,67620,10230
"k__Bacteria|p__Bacteroidetes|c__Bacteroidia|o__Bacteroidales|f__Bacteroidaceae|g__Bacteroides|s__Bacteroides_faecichinchillae",1495,0,0,0,0,0,0,0,0,0,0,0,0,0,0,0,0,0,0,0,0,0,0,0,0,0,0,0,0,0,0,0,0,0,0,0,0,0,0,0,0,0,0,0,0,0,0,0,0,0,0,0,0,0,0,0,0,0,0,0
"k__Bacteria|p__Proteobacteria|c__Gammaproteobacteria|o__Enterobacterales|f__Enterobacteriaceae|g__Escherichia|s__Escherichia_fergusonii",1080,0,0,0,0,0,0,0,0,0,0,0,0,0,0,0,0,0,0,0,0,0,0,0,0,0,0,0,0,0,0,0,0,0,0,0,0,0,0,0,0,0,0,0,0,0,0,0,0,0,0,0,0,0,0,0,0,0,0,0
"species-Phocaeicola_plebeius",988,0,12661,0,565610,0,25077,12231,868,0,0,591081,46592,0,3135973,0,0,816,0,0,0,414321,0,0,189229,0,0,0,0,95211,0,0,0,0,0,0,0,7301,0,79730,0,0,0,539583,0,0,0,0,0,0,0,24795,0,0,12314,0,4656,5599,0,0
"species-_pectinophilus",694,0,218192,0,0,0,0,0,0,0,0,0,0,0,0,0,0,0,0,0,0,0,0,0,0,0,0,0,0,0,0,0,0,0,0,600,0,0,0,0,0,0,0,0,29862,0,0,0,0,0,0,0,0,0,0,0,0,0,0,0
"species-Oscillibacter_sp._CAG-241",408,0,0,0,0,0,0,60027,94638,29519,32705,0,82674,0,0,53474,0,0,0,721,13639,5328,0,0,25526,0,721,0,0,1118,41396,0,29483,0,2741,51209,0,1698,0,0,0,0,1267,276,67345,2441,25564,53530,110029,313759,339199,0,135107,152386,238444,25393,41016,31952,138379,426497
"species-Bifidobacterium_longum",0,3520387,2499279,168857,101353,82528,29819,7316,6473,13316,44951,2293,0,4180996,21678,0,0,68444,676,0,8948,801294,84237,0,0,0,0,154119,0,16355,180427,2606,49287,76973,799,0,320132,4586,4893,1745,163447,149731,0,6897,0,0,0,4563,2988,0,0,34533,2943,6644,13743,1594,14130,10929,423,0
"species-Bifidobacterium_breve",0,258451,213316,0,0,7765,0,0,0,0,0,0,0,344697,0,0,0,0,0,0,0,0,4894,0,0,0,0,4695,0,0,0,0,0,0,0,0,17550,0,0,0,8290,0,0,0,0,0,0,0,0,0,0,0,0,0,0,0,0,0,0,0
"species-Bifidobacterium_bifidum",0,55926,149852,5255,0,10118,0,0,26711,5033,0,0,0,70542,0,0,42954,0,0,0,0,166403,110566,0,0,0,0,4057,0,1072,0,8098,0,0,0,0,136305,0,6468,0,4472,0,0,0,0,0,0,0,0,0,0,0,0,0,0,0,0,0,0,0
"species-Enterococcus_avium",0,51893,35728,0,2912,0,0,0,0,0,0,0,0,84380,0,0,0,0,0,0,0,0,0,0,0,0,0,0,0,0,0,0,0,0,0,0,0,0,0,0,0,0,0,0,0,0,0,0,0,0,0,0,0,0,0,0,0,0,0,0
"species-Bifidobacterium_pseudocatenulatum",0,35709,3591,0,2298,8456,0,0,0,660,8350,0,0,33889,5793,0,0,5046,1284,0,0,35580,2325,5530,7501,0,0,0,0,0,1512,0,0,0,0,3640,3607,1047,0,0,0,412,0,0,0,0,0,0,0,0,0,0,0,0,0,0,0,0,0,0
"species-Enterococcus_faecalis",0,31261,16299,2075,0,0,0,0,0,0,0,0,1702,40941,0,0,0,0,0,0,0,0,0,0,0,0,0,0,0,0,0,0,0,0,0,0,0,0,0,0,0,0,0,0,0,0,0,0,0,0,0,0,0,0,0,0,0,0,0,0
"k__Bacteria|p__Firmicutes|c__Bacilli|o__Lactobacillales|f__Lactobacillaceae|g__Lactobacillus|s__Lactobacillus_helveticus",0,29876,13517,0,0,0,0,0,0,0,0,0,0,27969,0,0,0,0,0,0,0,0,0,0,0,0,0,0,0,0,0,0,0,0,0,0,0,0,0,0,0,0,0,0,0,0,0,0,0,0,0,0,0,0,0,0,0,0,0,0
"species-Klebsiella_pneumoniae",0,26600,696350,348015,2384923,700684,0,0,0,0,0,0,1123844,23674,248934,0,16302,0,0,44298,135680,73001,0,190529,109367,0,178295,1053,1637,15508,0,0,0,25223,8859,92788,1165302,1180537,0,0,0,6823,18612,33096,23661,0,0,0,0,0,0,0,0,0,0,0,0,0,0,0
"species-Flavonifractor_plautii",0,22232,397816,418303,43350,35873,26891,0,22758,0,0,46885,9474,23489,5396,0,0,0,317,0,0,0,0,0,0,0,0,0,0,0,0,0,42814,0,0,0,28861,0,0,0,0,2998,0,0,0,0,442,120963,57588,0,0,9451,76094,53627,1828,621,126319,90737,69520,0
"k__Bacteria|p__Actinobacteria|c__Actinobacteria|o__Corynebacteriales|f__Corynebacteriaceae|g__Corynebacterium|s__Corynebacterium_argentoratense",0,17410,6842,0,0,0,0,0,0,0,0,0,0,15324,0,0,0,0,0,0,0,0,0,0,0,0,0,0,0,0,0,0,0,0,0,0,0,0,0,0,0,0,0,0,0,0,0,0,0,0,0,0,0,0,0,0,0,0,0,0
"species-Enterococcus_casseliflavus",0,15881,22903,0,0,2013,0,0,0,0,0,0,0,13000,0,0,0,0,0,0,0,0,0,0,0,0,0,0,0,0,0,0,0,0,0,0,0,0,0,0,0,0,0,0,0,0,0,0,0,0,0,0,0,0,0,0,0,0,0,0
"k__Bacteria|p__Firmicutes|c__Bacilli|o__Lactobacillales|f__Lactobacillaceae|g__Lactobacillus|s__Lactobacillus_panis",0,11731,4676,0,0,0,0,0,0,0,0,0,0,11269,0,0,0,0,0,0,0,0,0,0,0,0,0,0,0,0,0,0,0,0,0,0,0,0,0,0,0,0,0,0,0,0,0,0,0,0,0,0,0,0,0,0,0,0,0,0
"species-Bifidobacterium_adolescentis",0,11573,14827,0,0,7143,0,20453,43266,148432,411534,0,0,11211,0,0,65056,143900,0,254373,597973,902737,578175,33038,49274,0,16123,289912,11769,65174,526259,61580,3228,881877,44060,0,1957395,28757,90671,33577,271476,0,15167,0,67918,0,0,0,1281,0,149394,0,0,15818,0,0,0,0,0,98615
"species-Klebsiella_variicola",0,9722,256063,146232,715802,271304,0,0,0,0,0,0,230983,14318,63320,0,2177,0,0,24351,12921,51380,0,92502,62467,0,30356,0,0,1928,0,0,0,6450,0,177018,381608,349998,0,0,0,0,0,68631,39922,0,0,0,0,0,0,0,0,0,0,0,0,0,0,0
"species-Anaerostipes_hadrus",0,5039,939,0,176906,0,0,0,0,10236,0,0,0,5990,0,0,0,0,0,0,0,26872,0,0,0,0,0,0,0,0,0,0,0,0,0,0,0,0,0,0,0,0,0,0,0,3963,0,0,0,0,0,0,0,0,0,957,0,0,0,0
"species-Lactobacillus_crispatus",0,3801,11454,0,0,0,23356,0,0,0,0,0,0,3930,0,0,0,0,0,0,0,0,0,0,0,0,0,0,0,0,0,0,0,0,0,0,0,0,0,0,0,0,0,0,0,0,0,0,0,0,0,81177,0,0,27177,0,21543,21559,0,0
"species-Collinsella_aerofaciens",0,3100,157992,223474,43979,9349,71309,25004,2838,80110,27094,0,79840,8055,9420,21582,11914,191559,76952,25853,82054,525770,4770,703056,12250,1767,0,36120,55704,7085,498984,11167,96219,0,5701,0,51224,81796,13796,11817,48292,0,1278,0,37806,3638,3665,0,0,2622,32554,436436,5601,0,181052,2065,160117,154870,0,16149
"species-Klebsiella_quasipneumoniae",0,2014,84097,60720,241545,111129,0,0,0,0,0,1122,105329,3561,45660,0,0,0,0,11607,32022,13331,0,44118,42488,0,48479,0,0,0,0,0,0,3341,0,16701,43967,99853,0,0,0,0,0,1891,0,0,0,0,0,0,0,0,0,0,0,0,0,0,0,0
"k__Bacteria|p__Actinobacteria|c__Actinobacteria|o__Actinomycetales|f__Actinomycetaceae|g__Actinomyces|s__Actinomyces_sp_S6_Spd3",0,1403,0,0,0,0,0,0,0,0,0,0,0,1123,0,0,0,0,0,0,0,0,0,0,0,0,0,0,0,0,0,0,0,0,0,0,0,0,0,0,0,0,0,0,0,0,0,0,0,0,0,0,0,0,0,0,0,0,0,0
"species-Turicimonas_muris",0,1221,24606,2688,0,36596,0,0,0,0,0,0,0,0,0,0,0,0,1206,0,0,0,0,0,0,0,0,0,0,0,0,0,0,0,0,0,0,0,0,1114,0,1514,0,0,0,0,0,0,0,0,0,0,0,0,0,0,0,0,0,0
"species-Streptococcus_parasanguinis",0,1100,178995,384369,4833,0,0,0,0,0,0,0,3436,2270,931,0,0,0,0,0,0,0,0,520,0,0,0,0,0,0,0,0,0,0,0,0,0,0,0,0,0,0,0,0,0,0,0,0,0,0,10522,3249,0,0,0,0,0,0,0,4718
"species-Coprococcus_catus",0,423,1819,0,0,0,0,0,1638,0,0,0,0,1734,0,0,0,0,0,0,754,1207,0,0,0,0,0,0,0,0,0,0,0,0,0,0,0,0,0,0,0,0,0,0,0,0,0,3332,1699,0,0,0,2533,0,0,0,1260,3086,1728,0
"species-Firmicutes_bacterium_CAG-145",0,0,436193,0,0,0,0,0,0,0,0,0,0,0,0,0,0,0,0,0,0,0,0,0,0,0,0,0,0,0,0,0,0,0,0,0,0,0,0,0,0,0,0,0,0,0,0,0,0,0,0,0,0,0,0,0,0,0,0,0
"species-Enterobacter_mori",0,0,404737,23751,17901,833894,0,0,0,0,0,0,5865,0,0,0,0,0,0,0,5712,3554,0,9567,0,0,0,0,0,0,0,0,0,1951,0,0,0,0,0,0,0,0,0,0,0,0,0,0,0,0,0,0,0,0,0,0,0,0,0,0
"species-Acidaminococcus_intestini",0,0,361241,0,0,0,0,0,200486,0,0,0,187680,0,0,0,0,0,0,0,0,0,0,0,0,0,0,0,0,0,0,0,0,2410,0,0,0,0,0,0,0,0,0,0,0,0,0,0,0,0,0,0,0,0,0,0,0,0,0,0
"genus-Enterobacter",0,0,342873,67078,254380,675250,0,0,0,0,0,0,381766,0,0,0,0,0,0,0,53720,2552,0,28148,0,0,0,0,0,0,0,0,0,0,0,0,0,6170,0,0,0,0,0,0,0,0,0,0,0,0,0,0,0,0,0,0,0,0,0,0
"species-Morganella_morganii",0,0,329616,0,0,0,392562,0,0,0,0,0,0,0,12781,0,0,0,0,0,0,0,0,0,0,0,0,0,0,0,0,0,0,0,0,0,0,0,0,0,0,0,0,0,0,0,0,0,0,0,0,42925,0,0,13540,0,15726,8554,0,0
"species-Veillonella_parvula",0,0,304809,662462,187942,3978,0,0,0,0,0,0,9956,0,0,0,9095,825,0,0,0,6474,44721,0,0,0,0,0,0,0,0,0,0,0,0,0,0,0,0,0,0,0,0,0,0,0,7674,154201,157818,63312,0,0,274476,204633,44304,4482,145436,105906,241633,43497
"k__Bacteria|p__Proteobacteria|c__Gammaproteobacteria|o__Aeromonadales|f__Aeromonadaceae|g__Aeromonas|s__Aeromonas_caviae",0,0,288260,0,0,629669,0,0,0,0,0,0,0,0,0,0,0,0,0,0,0,0,0,0,0,0,0,0,0,0,0,0,0,0,0,0,0,0,0,0,0,0,0,0,0,0,0,0,0,0,0,0,0,0,0,0,0,0,0,0
"species-Citrobacter_freundii",0,0,261830,57193,0,489295,0,0,0,0,0,0,0,0,0,0,0,0,0,0,0,0,0,0,0,0,0,0,0,0,0,0,0,0,0,0,0,0,0,0,0,0,0,0,0,0,0,0,0,0,0,0,0,0,0,0,0,0,0,0
"species-Ruthenibacterium_lactatiformans",0,0,261077,0,1591,0,0,62202,20669,33977,10186,165871,9320,0,0,0,0,0,0,0,0,0,0,0,0,0,0,0,0,0,803,0,105846,0,0,0,0,0,0,273,0,0,0,0,0,0,0,173655,133906,16270,0,0,176015,144950,12956,8490,150285,120600,151767,10290
"species-Prevotella_buccae",0,0,257004,0,0,574922,0,0,0,0,0,0,0,0,0,0,0,0,0,0,0,0,0,0,0,0,0,0,0,0,0,0,0,0,0,0,0,0,0,0,0,0,0,0,0,0,0,0,0,0,0,0,0,0,0,0,0,0,0,0
"species-Bacteroides_stercoris",0,0,253402,0,0,0,543575,0,80467,0,0,90483,36325,0,0,14955,0,0,1254927,0,0,0,0,0,0,0,0,0,0,2099,0,0,0,319599,0,0,0,991,0,15177,0,0,0,714,0,0,1530457,0,0,13306,0,636153,1277893,0,298872,0,187490,199088,1386411,365681
"species-Streptococcus_oralis",0,0,191097,427793,16253,0,0,0,0,0,0,0,0,0,0,0,0,0,0,0,0,0,0,0,0,0,0,0,0,0,0,0,0,0,0,0,0,0,0,0,0,0,0,0,0,0,0,0,0,0,0,0,0,0,0,0,0,0,0,0
"species-_symbiosum",0,0,162865,0,0,0,0,0,2344,0,0,0,0,0,0,0,0,0,0,0,0,0,0,0,0,0,0,0,0,0,0,0,0,0,0,0,0,0,0,0,0,0,0,0,0,0,0,27409,14614,0,0,0,18505,21192,0,0,21852,16641,20566,0
"species-_gnavus",0,0,120356,16937,152009,0,192887,0,0,0,0,0,0,0,2851,0,0,0,0,0,0,0,0,0,0,0,0,0,0,0,0,0,0,0,0,0,11768,0,0,0,0,0,0,0,0,0,0,0,0,0,0,172326,0,0,66923,0,56167,46190,0,0
"species-Enterocloster_clostridioformis",0,0,117621,0,0,0,0,0,0,0,0,0,0,0,0,0,0,0,0,0,0,0,0,0,0,0,0,0,0,0,0,0,0,0,0,0,0,0,0,0,0,0,0,0,0,0,0,0,0,0,0,0,0,0,0,0,0,0,0,0
"species-_siraeum",0,0,111297,0,0,0,0,0,0,0,380175,0,3228,0,0,0,0,0,0,0,0,29795,0,0,0,0,0,0,0,10016,121680,0,2919,0,105063,0,0,0,0,776,0,250031,0,0,0,58484,0,0,0,0,110786,0,0,1688,0,55288,0,0,0,69502
"species-Roseburia_hominis",0,0,108473,20471,0,207936,0,0,0,10362,0,75270,72140,0,0,0,0,8115,0,0,0,0,10030,0,0,0,0,3510,0,15659,2667,0,13043,32187,138279,20622,0,0,0,0,4996,1319,12287,0,0,0,5643,0,0,0,0,0,6003,0,0,0,0,0,10822,2121
"species-Streptococcus_salivarius",0,0,102252,238160,0,2368,0,0,0,0,0,0,0,0,2805,0,1285,0,0,0,0,0,3723,2687,15751,0,0,0,0,0,0,0,0,0,0,0,0,0,0,5898,0,0,435,0,0,0,0,0,0,0,52603,0,0,0,0,0,0,0,0,24032
"species-Enterocloster_bolteae",0,0,93120,13154,0,0,0,0,0,0,0,28424,0,0,0,0,0,0,0,0,0,0,0,0,0,0,0,0,0,0,0,0,0,0,0,0,0,0,0,0,0,0,0,0,0,0,0,34706,21309,0,0,0,28924,23417,0,0,19977,21981,23084,0
"species-Limosilactobacillus_fermentum",0,0,84643,178387,0,0,0,0,0,0,0,0,64009,0,0,0,0,0,0,0,0,0,0,0,0,0,0,0,0,0,0,0,0,0,0,0,0,0,0,0,0,0,0,0,0,0,0,0,0,0,0,0,0,0,0,0,0,0,0,0
"species-_hylemonae",0,0,75725,0,0,0,0,0,0,0,0,0,0,0,0,0,0,0,0,0,0,0,0,0,0,0,0,0,0,0,0,0,0,0,0,0,0,0,0,0,0,0,0,0,0,0,0,0,0,0,0,0,0,0,0,0,0,0,0,0
"species-Citrobacter_youngae",0,0,72837,19273,0,148120,0,0,0,0,0,0,0,0,0,0,0,0,0,0,0,0,0,0,0,0,0,0,0,0,0,0,0,0,0,0,0,0,0,0,0,0,0,0,0,0,0,0,0,0,0,0,0,0,0,0,0,0,0,4729
"species-Alistipes_shahii",0,0,57512,0,0,0,27565,66533,826,28214,8266,107783,7839,0,0,0,0,0,5934,0,0,28028,39935,0,2105,0,0,102,0,93,1792,0,137076,0,0,0,0,0,0,0,0,0,0,0,0,0,9894,9277,2342,9178,0,12653,15412,3214,17350,0,20492,21296,17152,7251
"species-Gemmiger_formicilis",0,0,54170,95504,0,0,0,0,3587,15147,0,10733,640,0,0,0,0,2227,0,0,587,19909,0,1377,0,0,0,1088,0,0,24952,4502,5488,5735,0,0,0,0,5610,0,1748,0,0,0,0,0,0,0,0,0,0,0,0,0,0,0,0,0,0,0
"species-Paraprevotella_xylaniphila",0,0,46412,0,0,0,98868,0,0,0,0,373986,0,0,0,0,0,2635,0,0,0,0,0,0,0,0,0,0,0,0,0,0,53022,0,0,0,0,0,0,0,0,12861,0,5030,0,0,284,0,0,0,0,151355,675,0,54203,0,50177,47848,481,0
"species-Veillonella_sp._CAG-933",0,0,42730,0,0,0,95116,0,0,0,0,0,0,0,0,0,0,0,0,0,0,0,0,0,0,0,0,0,0,0,0,0,0,0,0,0,0,0,0,0,0,0,0,0,0,0,0,0,0,0,0,187918,0,0,62049,0,40968,47033,0,0
"species-Rothia_mucilaginosa",0,0,37159,81485,5504,0,0,0,0,0,0,0,0,0,0,0,0,0,0,0,0,0,0,0,0,0,0,0,954,0,0,0,0,0,0,0,20973,0,0,0,0,0,0,0,0,0,0,0,0,0,0,0,0,0,0,0,0,0,0,0
"species-Proteobacteria_bacterium_CAG-139",0,0,32400,24775,0,24299,0,0,0,0,0,0,0,916,0,0,0,0,0,0,0,0,0,0,0,0,0,0,0,0,0,0,0,0,0,0,0,0,0,0,0,1794,0,0,0,0,0,0,0,0,0,0,0,0,0,0,0,0,0,0
"species-Klebsiella_aerogenes",0,0,29805,12364,10645,51956,0,0,0,0,0,0,0,0,0,0,0,0,0,0,0,6268,0,0,0,0,0,0,0,0,0,0,0,0,0,0,0,0,0,0,0,0,0,0,0,0,0,0,0,0,0,0,0,0,0,0,0,0,0,0
"species-Haemophilus_parainfluenzae",0,0,28044,31718,57552,23945,0,0,0,0,0,0,0,0,2018,0,7869,0,0,0,3408,34853,2599,62597,25203,0,0,0,2669,0,0,939,0,0,0,0,5179,0,4673,32738,0,0,5804,0,0,0,0,0,0,0,0,0,0,0,0,0,0,0,0,0
"species-Citrobacter_amalonaticus",0,0,22103,0,0,75127,0,0,0,0,0,0,0,0,0,0,0,0,0,0,0,0,0,0,0,0,0,0,0,0,0,0,0,0,0,0,0,0,0,0,0,0,0,0,0,0,0,0,0,0,0,0,0,0,0,0,0,0,0,0
"species-_innocuum",0,0,21136,0,0,0,0,0,0,0,0,0,0,0,0,0,0,0,0,0,0,0,0,0,0,0,0,0,0,0,0,0,0,0,0,0,0,0,0,0,0,0,0,0,0,0,0,0,0,0,0,0,0,0,0,0,0,0,0,0
"k__Bacteria|p__Proteobacteria|c__Gammaproteobacteria|o__Aeromonadales|f__Aeromonadaceae|g__Aeromonas|s__Aeromonas_media",0,0,20029,0,0,58216,0,0,0,0,0,0,0,0,0,0,0,0,0,0,0,0,0,0,0,0,0,0,0,0,0,0,0,0,0,0,0,0,0,0,0,0,0,0,0,0,0,0,0,0,0,0,0,0,0,0,0,0,0,0
"species-Agathobaculum_butyriciproducens",0,0,19431,6245,0,0,2200,0,0,3580,0,0,0,0,0,0,5855,0,0,0,1190,37820,24717,1045,0,0,0,0,0,0,34807,0,20075,0,0,0,435776,2201,0,6646,0,0,0,0,0,0,0,0,0,6280,5343,0,0,0,3944,0,0,0,0,12055
"species-Haemophilus_sp._HMSC71H05",0,0,18719,30580,0,0,0,0,0,0,0,0,0,0,3741,0,0,0,0,0,1116,0,8422,0,3840,0,0,0,1089,0,0,0,0,0,0,0,32441,0,963,60306,0,0,2382,0,0,0,0,0,0,0,0,0,0,0,0,0,0,0,0,0
"species-Bifidobacterium_catenulatum",0,0,17496,0,820,34422,472,0,0,0,0,0,0,1518,0,0,0,0,0,0,0,0,2136,0,0,0,0,0,0,6294,0,0,33369,4326,0,782,0,984,0,0,0,347,0,0,0,0,0,0,0,0,0,0,0,0,0,682,0,0,0,0
"species-Allisonella_histaminiformans",0,0,16576,0,0,0,49170,0,0,0,0,0,1896,0,0,0,0,0,0,0,0,0,0,0,0,0,0,0,0,0,0,0,0,0,0,0,0,0,0,0,0,0,0,0,0,0,0,0,0,0,0,92093,0,0,34841,0,32583,27656,0,0
"species-Klebsiella_michiganensis",0,0,15472,0,0,45379,0,0,0,0,0,0,0,0,0,0,0,0,0,0,0,0,0,0,0,0,0,0,0,0,0,0,0,0,0,0,0,0,0,0,0,0,0,0,0,0,0,0,0,0,0,0,0,0,0,0,0,0,0,0
"species-Eubacterium_sp._CAG-180",0,0,15402,38006,0,0,0,1077697,16254,2859165,1172526,0,0,0,0,76943,0,14294,0,0,391152,0,0,0,0,0,32702,0,0,93953,27060,0,387056,0,205325,0,0,0,0,0,0,122147,0,46293,343377,0,83751,0,0,283781,1153635,0,85641,0,178402,0,0,0,91438,855196
"species-Citrobacter_portucalensis",0,0,14860,0,0,36835,0,0,0,0,0,0,0,0,0,0,0,0,0,0,0,0,0,0,0,0,0,0,0,0,0,0,0,0,0,0,0,0,0,0,0,0,0,0,0,0,0,0,0,0,0,0,0,0,0,0,0,0,0,0
"species-Citrobacter_pasteurii",0,0,13273,0,0,17950,0,0,0,0,0,0,71329,0,0,0,0,0,0,0,0,0,0,0,0,0,0,0,0,0,0,0,0,0,0,0,0,0,0,0,0,0,0,0,0,0,0,0,0,0,0,0,0,0,0,0,0,0,0,0
"species-Ligilactobacillus_salivarius",0,0,13096,29818,0,0,0,0,0,0,0,0,0,0,0,0,0,0,0,0,0,0,0,0,0,0,0,0,0,0,0,0,0,0,0,0,0,0,0,0,0,0,0,0,0,0,0,0,0,0,0,0,0,0,0,0,0,0,0,0
"species-Bacteroides_faecis_CAG-32",0,0,12169,0,0,0,0,0,0,0,0,0,0,0,0,0,0,0,0,0,0,0,0,0,0,0,0,0,0,0,0,0,0,0,0,0,0,0,0,0,0,0,0,0,0,0,0,0,0,0,0,0,0,0,0,0,0,0,0,0
"species-Weissella_confusa",0,0,11753,27628,0,0,0,0,0,0,0,0,0,0,2549,0,11156,0,0,0,0,0,0,15202,0,0,393,0,0,0,0,0,0,0,0,0,0,0,0,0,0,0,0,0,0,0,0,0,0,0,0,0,0,0,0,0,0,0,0,0
"species-Blautia_obeum",0,0,10618,22448,0,0,0,0,0,716,0,0,0,0,0,0,3142,0,0,0,43263,43255,0,43521,0,0,0,0,0,0,24118,0,0,0,0,0,0,0,0,0,0,0,0,0,0,0,0,0,0,0,2037,0,0,0,0,0,0,0,0,0
"species-Veillonella_sp._T11011-6",0,0,8713,2380,2529,12262,0,0,0,0,0,0,0,0,0,0,0,0,0,0,0,0,0,0,0,0,0,0,0,0,0,0,0,0,0,0,0,0,0,0,0,0,0,0,0,0,0,0,0,0,0,0,0,0,0,0,0,0,0,0
"species-Proteus_mirabilis",0,0,8220,0,0,22229,0,0,0,0,0,0,23009,0,0,0,0,0,0,0,0,0,0,0,0,0,0,0,0,0,0,0,0,0,0,0,0,0,0,0,0,0,0,0,0,0,0,0,0,0,0,0,0,0,0,0,0,0,0,0
"species-Kluyvera_georgiana",0,0,7329,1971,0,11529,0,0,0,0,0,0,0,0,0,0,0,0,0,0,0,0,0,0,0,0,0,0,0,0,0,0,0,0,0,0,0,0,0,0,0,0,0,0,0,0,0,0,0,0,0,0,0,0,0,0,0,0,0,0
"species-Blautia_producta",0,0,7196,0,0,0,0,0,0,0,0,0,0,0,0,0,0,0,0,0,0,0,0,0,0,0,0,0,0,0,0,0,0,0,0,0,0,0,0,0,0,0,0,0,0,0,0,0,0,0,0,0,0,0,0,0,0,0,0,0
"species-Eubacterium_sp._CAG-38",0,0,5789,0,0,12886,0,0,0,0,0,0,0,0,38682,0,0,0,0,15354,0,11743,0,0,5554,0,8382,0,0,0,0,0,0,7469,7635,0,0,0,0,0,0,0,0,0,15350,0,0,0,0,0,58484,2193,0,0,0,0,0,0,0,26694
"k__Bacteria|p__Proteobacteria|c__Gammaproteobacteria|o__Enterobacterales|f__Enterobacteriaceae|g__Enterobacter|s__Enterobacter_bugandensis",0,0,5740,8931,0,3022,0,0,0,0,0,0,0,0,0,0,0,0,0,0,0,60340,0,22223,0,0,0,0,0,0,0,0,0,0,0,0,0,0,0,0,0,0,0,0,0,0,0,0,0,0,0,0,0,0,0,0,0,0,0,0
"species-Bilophila_wadsworthia",0,0,5457,0,0,11675,0,0,1474,0,5657,4265,0,0,0,0,0,0,0,0,0,15694,0,0,0,0,0,0,0,0,0,0,21701,9057,0,0,0,0,0,0,0,0,0,0,0,0,0,0,0,10129,0,0,752,1233,15111,0,0,0,1089,9827
"species-Eggerthella_lenta",0,0,5341,0,0,0,0,0,0,0,0,0,0,0,0,0,0,0,0,0,0,0,0,0,0,0,0,0,0,0,5565,0,0,0,0,0,0,0,0,0,0,0,0,0,0,0,0,0,0,0,0,0,0,0,0,0,0,0,0,0
"k__Bacteria|p__Actinobacteria|c__Actinobacteria|o__Micrococcales|f__Micrococcaceae|g__Rothia|s__Rothia_dentocariosa",0,0,4831,14901,0,0,0,0,0,0,0,0,0,0,0,0,0,0,0,0,0,0,0,0,0,0,0,0,0,0,0,0,0,0,0,0,0,0,0,0,0,0,0,0,0,0,0,0,0,0,0,0,0,0,0,0,0,0,0,0
"k__Bacteria|p__Bacteroidetes|c__Bacteroidia|o__Bacteroidales|f__Bacteroidaceae|g__Bacteroides|s__Bacteroides_caecimuris",0,0,4089,0,0,0,0,0,0,0,0,0,0,0,0,0,0,0,0,0,0,0,0,0,0,0,0,0,0,0,0,0,0,0,0,0,0,0,0,0,0,0,0,0,0,0,0,0,0,0,0,0,0,0,0,0,0,0,0,0
"species-Eubacterium_sp._CAG-251",0,0,4064,10360,0,0,0,0,0,0,0,0,0,0,0,4645,0,27451,0,0,83955,5519,267786,265280,0,0,35842,0,0,0,50479,0,0,0,0,0,0,0,0,0,0,0,0,0,0,0,0,0,0,0,0,0,0,0,0,0,0,0,0,0
"species-Gemella_haemolysans",0,0,4034,11633,0,0,0,0,0,0,0,0,0,0,0,0,0,0,0,0,0,0,0,0,0,0,0,0,0,0,0,0,0,0,0,0,0,0,0,0,0,0,0,0,0,0,0,0,0,0,0,0,0,0,0,0,0,0,0,0
"species-Bacteroides_sp._CAG-530",0,0,3594,0,0,0,12204,0,0,0,50310,0,0,0,0,0,0,0,0,0,25267,0,0,175974,0,0,0,0,0,0,0,0,0,0,0,0,0,0,0,0,0,0,0,0,32326,35630,0,0,28944,0,30367,10857,0,90824,2236,44973,1990,3018,0,23787
"species-Limosilactobacillus_vaginalis",0,0,3406,0,0,0,8565,0,0,0,0,0,0,0,0,0,0,0,0,0,0,0,0,0,0,0,0,0,0,0,0,0,0,0,0,0,0,0,0,0,0,0,0,0,0,0,0,0,0,0,0,18836,0,0,8167,0,4623,1659,0,0
"species-Enterocloster_asparagiformis",0,0,3057,0,0,0,0,0,0,0,0,0,0,0,0,0,0,0,0,0,0,0,0,0,0,0,0,0,0,0,0,0,0,0,0,0,0,0,0,0,0,0,0,0,0,0,0,0,0,0,0,0,0,0,0,0,0,0,0,0
"species-Paraprevotella_clara",0,0,2866,0,0,0,5749,0,0,0,0,0,0,0,0,0,0,0,0,0,0,0,0,0,0,0,0,0,0,0,0,0,0,0,0,0,0,0,0,0,0,1116,0,0,0,0,0,0,0,0,0,6545,0,0,572,0,1508,692,0,0
"species-Gemella_sanguinis",0,0,2713,7233,0,0,0,0,0,0,0,0,0,0,0,0,0,0,0,0,0,0,0,0,0,0,0,0,0,0,0,0,0,0,0,0,0,0,0,0,0,0,0,0,0,0,0,0,0,0,0,0,0,0,0,0,0,0,0,0
"species-Fusicatenibacter_saccharivorans",0,0,2672,0,81205,2914,0,0,0,786,1274,0,3465,0,43139,0,0,0,647,0,0,2377,0,0,0,0,0,2712,0,0,309,0,3221,13909,0,0,10451,0,0,0,4022,0,0,0,0,0,0,0,0,0,0,0,0,0,0,0,0,0,0,0
"species-Citrobacter_braakii",0,0,2605,0,0,3476,0,0,0,0,0,0,0,0,0,0,0,0,0,0,0,0,0,0,0,0,0,0,0,0,0,0,0,0,0,0,0,0,0,0,0,0,0,0,0,0,0,0,0,0,0,0,0,0,0,0,0,0,0,0
"species-Leclercia_adecarboxylata",0,0,2326,0,0,8531,0,0,0,0,0,0,0,0,0,0,0,0,0,0,0,0,0,0,0,0,0,0,0,0,0,0,0,0,0,0,0,0,0,0,0,0,0,0,0,0,0,0,0,0,0,0,0,0,0,0,0,0,0,0
"species-Firmicutes_bacterium_CAG-94",0,0,2207,0,0,0,0,0,0,0,0,0,0,0,0,0,0,0,0,0,0,0,0,0,0,0,0,0,0,0,0,0,0,0,0,0,0,0,0,0,0,0,0,0,0,0,0,0,0,0,0,0,0,0,0,0,0,0,0,0
"species-Veillonella_dispar",0,0,2162,4635,10449,2331,0,0,0,0,0,0,0,0,0,0,3774,0,0,0,0,0,2350,0,0,0,0,0,0,0,0,0,0,0,0,0,2915,0,0,0,0,0,0,0,0,0,0,0,0,0,0,0,2710,0,0,0,0,0,0,0
"species-Streptococcus_infantis",0,0,2007,8917,6176,0,0,0,0,0,0,0,0,0,0,0,0,0,0,0,0,0,0,0,0,0,0,0,0,0,0,0,0,0,0,0,0,0,0,0,0,0,0,0,0,0,0,0,0,0,0,0,0,0,0,0,0,0,0,0
"species-Streptococcus_sp._HPH0090",0,0,2002,0,0,0,0,0,0,0,0,0,0,0,0,0,0,0,0,0,0,0,0,0,0,0,0,0,0,0,0,0,0,0,0,0,0,0,0,0,0,0,0,0,0,0,0,0,0,0,0,0,0,0,0,0,0,0,0,0
"species-Citrobacter_werkmanii",0,0,1789,0,0,10624,0,0,0,0,0,0,3897,0,0,0,0,0,0,0,0,0,0,0,0,0,0,0,0,0,0,0,0,0,0,0,0,0,0,0,0,0,0,0,0,0,0,0,0,0,0,0,0,0,0,0,0,0,0,0
"species-Streptococcus_mitis",0,0,1697,3513,29078,0,0,0,0,0,0,0,0,0,0,0,0,0,0,0,0,0,0,0,0,0,0,0,0,0,0,0,0,0,0,0,0,0,0,0,0,0,0,0,0,0,0,0,0,0,0,0,0,0,0,0,0,0,0,0
"species-Prevotella_sp._CAG-520",0,0,1639,0,46330,0,0,802,761,0,270789,0,0,0,0,0,0,0,0,3515,1060,0,0,0,0,0,0,0,309831,0,169272,0,3730,0,44989,0,0,191,0,0,0,0,1398375,0,0,0,21962,2628240,1547241,384912,92669,0,2047032,1620038,249322,168057,2187398,1831634,1763014,265030
"species-Megasphaera_elsdenii",0,0,1415,0,0,0,0,0,3229,10987,103557,0,0,0,168860,0,8123,430551,99325,0,15740,1386,311385,1661,47242,0,6848,17577,38960,11659,6317,48897,10278,79276,0,0,3324485,66567,56812,0,16022,0,160766,6720,907849,0,0,0,0,56321,17542,0,0,0,34129,0,0,0,0,42460
"species-Ligilactobacillus_ruminis",0,0,1088,0,37550,0,0,0,0,10194,3928,14128,2710,0,1122,0,140730,39080,0,14286,30261,86727,206433,44252,200338,0,12156,77759,9418,3836,42537,133847,0,2566,0,0,1220931,2124,184728,0,80368,0,71071,0,425,0,0,0,0,0,0,0,0,0,0,0,0,0,0,0
"species-Veillonella_infantium",0,0,1060,2142,7943,0,0,0,0,0,0,0,0,0,0,0,465,0,0,0,0,0,0,3046,0,0,0,0,0,0,0,0,0,0,0,0,0,0,0,0,0,0,0,0,0,0,0,0,0,0,0,0,0,0,0,0,0,0,1283,0
"species-Actinomyces_sp._oral_taxon_181",0,0,557,4874,0,0,0,0,0,0,0,0,0,0,0,0,0,0,0,0,0,0,0,0,0,0,0,0,0,0,0,0,0,0,0,0,0,0,0,0,0,0,0,0,0,0,0,0,0,0,0,0,0,0,0,0,0,0,0,0
"k__Bacteria|p__Proteobacteria|c__Gammaproteobacteria|o__Enterobacterales|f__Enterobacteriaceae|g__Kosakonia|s__Kosakonia_pseudosacchari",0,0,512,0,0,2652,0,0,0,0,0,0,0,0,0,0,0,0,0,0,0,0,0,0,0,0,0,0,0,0,0,0,0,0,0,0,0,0,0,0,0,0,0,0,0,0,0,0,0,0,0,0,0,0,0,0,0,0,0,0
"species-Lancefieldella_parvula",0,0,399,0,0,0,0,0,0,0,0,0,0,523,0,0,0,0,0,0,0,0,0,0,0,0,0,0,0,0,0,0,0,0,0,0,0,0,0,0,0,0,0,0,0,0,0,0,0,0,0,0,0,0,0,0,0,0,0,0
"species-Roseburia_faecis",0,0,360,3712,0,0,0,0,0,68968,26039,3082,92616,0,0,26397,23206,31233,89281,144170,360438,87742,1425326,0,65636,27189,23781,94178,185147,236087,371686,13295,0,162445,60187,0,92335,0,15494,0,96301,2364,1329072,18508,41242,0,0,0,0,0,2186,351,0,0,0,0,0,0,0,0
"species-Blautia_coccoides",0,0,318,0,225,0,0,0,0,0,0,0,0,0,0,0,0,0,0,0,0,0,0,0,0,0,0,0,0,0,0,0,0,0,0,0,0,0,0,0,0,0,0,0,0,0,0,0,0,0,0,0,0,0,0,0,0,0,0,0
"species-Scardovia_wiggsiae",0,0,205,3311,0,0,0,0,0,0,0,0,0,0,0,0,0,0,0,0,0,0,0,0,0,0,0,0,0,0,0,0,0,0,0,0,5089,0,0,0,0,0,0,0,0,0,0,0,0,0,0,0,0,0,0,0,0,0,0,0
"species-Erysipelatoclostridium_ramosum",0,0,152,0,9016,0,0,0,0,0,0,0,0,0,0,0,0,0,0,0,0,0,0,0,0,0,0,0,0,0,0,0,0,0,0,0,0,0,0,0,0,0,0,0,0,0,0,0,0,0,0,0,0,0,0,0,0,0,0,0
"species-Streptococcus_vestibularis",0,0,0,17509,0,0,0,0,0,0,0,0,0,0,0,0,0,0,0,0,0,0,0,0,0,0,0,0,0,0,0,0,0,0,0,0,0,0,0,0,0,0,0,0,0,0,0,0,0,0,0,0,0,0,0,0,0,0,0,0
"species-Streptococcus_peroris",0,0,0,2505,0,0,0,0,0,0,0,0,0,0,0,0,0,0,0,0,0,0,0,0,0,0,0,0,0,0,0,0,0,0,0,0,0,0,0,0,0,0,0,0,0,0,0,0,0,0,0,0,0,0,0,0,0,0,0,0
"species-Klebsiella_oxytoca",0,0,0,2311,19075,8610,0,0,0,0,0,0,0,0,0,0,0,0,0,0,0,0,0,0,0,0,0,0,0,0,0,0,0,0,0,0,0,0,0,0,0,0,0,0,0,0,0,0,0,0,0,0,0,0,0,0,0,0,0,0
"species-Blautia_wexlerae",0,0,0,1737,1938,0,0,0,0,0,0,0,0,0,0,0,0,4739,0,0,0,0,0,0,0,0,0,1820,0,0,39921,0,0,0,0,0,0,0,0,0,1601,0,0,0,0,0,0,0,0,0,4692,0,0,0,0,0,0,0,0,800
"species-Actinomyces_sp._HPA0247",0,0,0,1574,0,0,0,0,0,0,0,0,0,0,0,0,0,0,0,0,0,0,0,0,0,0,0,0,0,0,0,0,0,0,0,0,0,0,0,0,0,0,0,0,0,0,0,0,0,0,0,0,0,0,0,0,0,0,0,0
"species-Clostridium_bolteae_CAG-59",0,0,0,1100,0,0,0,0,0,0,0,0,0,0,0,0,0,0,0,0,0,0,0,0,0,0,0,0,0,0,0,0,0,0,0,0,0,0,0,0,0,0,0,0,0,0,0,0,0,0,0,0,0,0,0,0,0,0,0,0
"k__Bacteria|p__Firmicutes|c__Bacilli|o__Lactobacillales|f__Lactobacillaceae|g__Lactobacillus|s__Lactobacillus_agilis",0,0,0,1081,0,0,0,0,0,0,0,0,0,0,0,0,0,0,0,0,0,0,0,0,0,0,0,0,0,0,0,0,0,0,0,0,0,0,0,0,0,0,0,0,0,0,0,0,0,0,0,0,0,0,0,0,0,0,0,0
"species-Veillonella_atypica",0,0,0,0,248478,0,0,0,0,0,0,0,0,0,4208,0,540,0,0,0,0,29142,11030,19506,346,0,0,0,0,0,0,0,0,0,0,0,0,0,0,0,0,0,0,0,0,0,25375,0,0,38314,0,0,18169,0,26550,0,0,0,19903,19165
"k__Bacteria|p__Firmicutes|c__Negativicutes|o__Veillonellales|f__Veillonellaceae|g__Dialister|s__Dialister_succinatiphilus",0,0,0,0,37264,0,0,0,0,40621,0,0,623912,0,45340,0,0,0,0,0,206445,137112,0,0,140958,0,0,0,0,71996,0,525750,569269,109295,0,0,294654,2227444,530448,0,0,0,0,0,0,0,22674,0,0,0,0,0,12222,0,0,0,0,0,15389,0
"species-Megasphaera_sp._DISK_18",0,0,0,0,30349,0,0,0,0,0,0,0,41368,0,0,0,0,0,0,0,0,0,0,0,0,0,0,0,0,0,0,0,0,0,0,0,0,0,0,0,0,0,0,0,0,0,0,0,0,0,0,0,0,0,0,0,0,0,0,0
"species-Butyricicoccus_pullicaecorum",0,0,0,0,21726,0,0,0,0,0,0,0,0,0,0,0,0,0,0,0,0,0,0,0,0,0,0,0,0,0,0,0,0,0,0,0,0,0,0,0,0,0,0,0,0,0,0,0,0,0,0,0,0,0,0,0,0,0,0,0
"species-Megamonas_funiformis",0,0,0,0,15770,0,0,0,0,0,0,0,0,0,0,0,20969,85723,0,0,0,0,0,26187,9723,27150,0,0,0,0,0,0,0,0,0,0,0,4071,0,0,0,0,0,146263,0,0,1525,0,0,0,0,0,0,0,0,0,0,0,4165,0
"species-Veillonella_tobetsuensis",0,0,0,0,5026,0,0,0,0,0,0,0,0,0,0,0,0,0,0,0,0,3532,0,0,0,0,0,0,0,0,0,0,0,0,0,0,0,0,0,0,0,0,0,0,0,0,0,0,0,0,0,0,0,0,0,0,0,0,0,0
"species-Ruminococcus_bicirculans",0,0,0,0,4360,0,0,0,9335,0,0,105819,0,0,17439,0,1813,0,0,364,83825,0,22619,0,0,0,0,5866,0,0,0,0,0,116728,4667,0,0,0,0,0,7073,0,0,0,0,0,0,0,0,0,56054,0,0,0,0,0,0,0,0,27094
"species-Veillonella_rogosae",0,0,0,0,3859,0,0,0,0,0,0,0,0,0,0,0,0,0,0,0,0,0,0,0,0,0,0,0,0,0,0,0,0,0,0,0,0,0,0,0,0,0,0,0,0,0,0,0,0,0,0,0,0,0,0,0,0,0,0,0
"k__Bacteria|p__Actinobacteria|c__Actinobacteria|o__Bifidobacteriales|f__Bifidobacteriaceae|g__Bifidobacterium|s__Bifidobacterium_ruminantium",0,0,0,0,3139,0,0,0,4584,0,0,0,0,0,0,0,0,0,0,0,0,115719,0,0,0,0,0,80295,0,8750,0,33800,0,0,0,0,0,0,49237,0,96226,0,11025,1028,0,0,0,0,0,0,0,0,0,0,0,0,0,0,0,0
"species-Megamonas_hypermegale",0,0,0,0,1871,0,0,0,0,0,0,0,3359,0,0,0,0,4306,0,0,0,0,0,0,0,0,0,0,0,0,0,0,0,0,0,0,0,5317,0,0,0,0,0,21771,0,0,0,0,0,0,0,0,0,0,0,0,0,0,2999,0
"species-Anaerotruncus_colihominis",0,0,0,0,1748,0,0,0,0,0,0,0,0,0,0,0,0,0,0,0,0,0,0,0,0,0,0,0,0,0,0,0,0,0,0,0,0,0,0,0,0,0,0,0,0,0,0,0,0,0,0,0,0,0,0,0,0,0,0,0
"species-Alistipes_onderdonkii",0,0,0,0,971,0,0,0,0,0,0,0,1305,0,0,0,0,0,0,0,0,0,0,0,0,0,0,0,0,0,0,0,13819,0,0,0,0,0,0,0,0,1257,0,0,0,0,0,52503,38193,0,0,0,26913,33120,0,0,42485,51790,45818,0
"species-Actinomyces_sp._ICM47",0,0,0,0,807,0,0,0,0,0,0,0,0,0,0,0,0,0,0,0,0,0,0,0,0,0,0,0,0,0,0,0,0,0,0,0,0,0,0,0,0,0,0,0,0,0,0,0,0,0,0,0,0,0,0,0,0,0,0,0
"species-Tractidigestivibacter_scatoligenes",0,0,0,0,683,0,0,0,32064,826,23308,0,0,0,565,0,0,0,0,0,0,12089,12289,0,0,0,0,91221,0,0,20704,28196,0,3999,4071,0,0,0,41922,14633,80600,0,0,0,0,0,0,0,0,0,0,0,0,0,0,0,0,0,0,0
"species-Citrobacter_farmeri",0,0,0,0,0,3301,0,0,0,0,0,0,0,0,0,0,0,0,0,0,0,0,0,0,0,0,0,0,0,0,0,0,0,0,0,0,0,0,0,0,0,0,0,0,0,0,0,0,0,0,0,0,0,0,0,0,0,0,0,0
"k__Bacteria|p__Proteobacteria|c__Gammaproteobacteria|o__Enterobacterales|f__Morganellaceae|g__Providencia|s__Providencia_rettgeri",0,0,0,0,0,2674,0,0,0,0,0,0,0,0,0,0,0,0,0,0,0,0,0,0,0,0,0,0,0,0,0,0,0,0,0,0,0,0,0,0,0,0,0,0,0,0,0,0,0,0,0,0,0,0,0,0,0,0,0,0
"species-Lactobacillus_paragasseri",0,0,0,0,0,0,1755,0,0,0,0,0,0,0,0,0,0,0,0,0,0,0,0,0,0,0,0,0,0,0,0,0,0,0,0,0,0,0,0,0,0,0,0,0,0,0,0,0,0,0,0,16456,0,0,0,0,1836,0,0,0
"species-Phocaeicola_coprocola",0,0,0,0,0,0,283,0,0,0,0,0,0,0,0,0,0,0,0,0,0,5418,0,0,0,0,0,0,0,0,0,0,0,0,0,0,0,0,0,0,0,0,0,3208,0,0,0,0,0,0,0,978,0,0,0,0,0,0,0,0
"species-Methanobrevibacter_smithii",0,0,0,0,0,0,0,1562700,198776,0,282425,0,0,0,0,30330,0,0,0,61345,0,0,0,0,0,0,0,0,0,0,0,0,0,0,17548,0,0,0,0,33245,0,0,0,0,1545,555930,12655,41462,26780,12185,77277,0,39430,59927,6994,717001,29178,28558,24197,62006
"species-Prevotella_nigrescens",0,0,0,0,0,0,0,257392,0,0,0,0,0,0,8307,0,0,0,0,0,0,0,0,0,0,0,0,0,0,0,0,0,0,0,0,0,0,0,0,0,0,0,0,0,0,0,30735,0,0,0,0,0,18512,0,0,0,0,0,27748,1008
"species-Porphyromonas_endodontalis",0,0,0,0,0,0,0,197382,0,0,0,0,0,0,0,0,0,0,0,0,0,0,0,0,0,0,0,0,0,0,0,0,0,0,0,0,0,0,0,0,0,0,0,0,0,0,57891,0,0,0,0,0,49943,0,0,0,0,0,61645,10586
"species-Clostridium_sp._CAG-964",0,0,0,0,0,0,0,164121,0,0,0,0,0,0,0,0,0,0,0,0,0,0,0,0,0,0,0,0,0,0,0,0,0,0,0,0,0,0,0,0,0,0,0,0,0,0,0,0,0,0,0,0,0,5943,0,0,0,0,0,0
"species-Dialister_pneumosintes",0,0,0,0,0,0,0,121726,0,0,0,0,0,0,0,0,0,0,0,0,0,0,0,0,0,0,0,0,0,0,0,0,0,0,0,0,0,0,0,0,0,0,0,0,0,0,52724,0,9356,0,0,0,51219,29675,0,0,0,0,53545,7484
"k__Bacteria|p__Bacteroidetes|c__Bacteroidia|o__Bacteroidales|f__Prevotellaceae|g__Prevotella|s__Prevotella_sp_CAG_5226",0,0,0,0,0,0,0,18587,0,0,95042,93471,0,0,0,628620,0,0,0,239596,0,0,0,2294343,0,0,395742,0,526210,0,0,0,20064,0,67922,0,0,0,0,0,0,0,0,0,204722,0,0,0,14528,157924,0,0,0,57386,114940,0,0,0,0,105828
"species-Ruminococcus_sp._CAG-563",0,0,0,0,0,0,0,14980,0,0,0,0,0,0,0,0,0,0,0,18610,0,19991,0,0,0,0,0,0,0,0,0,0,0,0,0,16256,0,0,0,0,0,0,0,0,0,0,0,0,0,0,1004,0,0,0,0,0,0,0,0,4113
"k__Bacteria|p__Firmicutes|c__Clostridia|o__Clostridiales|f__Clostridiales_Family_XIII_Incertae_Sedis|g__Mogibacterium|s__Mogibacterium_diversum",0,0,0,0,0,0,0,13334,0,0,0,0,0,0,0,0,0,0,0,0,0,0,0,0,0,0,0,0,0,0,0,0,0,0,0,0,0,0,0,0,0,0,0,0,0,0,0,0,0,0,0,0,0,0,0,0,0,0,0,0
"species-Firmicutes_bacterium_CAG-238",0,0,0,0,0,0,0,3315,0,0,0,0,0,0,0,0,0,0,0,0,0,0,0,0,0,0,0,0,0,0,0,0,9840,0,0,0,0,0,0,0,0,0,0,0,0,0,0,11968,6923,22003,3163,0,11144,23024,18360,0,6600,7503,8407,16604
"species-Bacteroides_cellulosilyticus",0,0,0,0,0,0,0,3127,0,0,0,2075,0,0,0,0,0,0,0,0,0,0,20467,0,0,0,0,0,0,0,0,0,0,1524,9893,0,0,0,0,0,0,0,0,0,0,188536,0,0,0,0,0,0,0,0,0,222496,0,0,0,0
"species-Desulfovibrionaceae_bacterium",0,0,0,0,0,0,0,758,0,0,0,0,0,0,0,0,0,0,0,0,0,0,0,0,0,0,0,0,0,0,0,0,0,0,0,0,0,0,0,0,0,0,0,0,0,0,0,0,0,0,0,0,0,0,0,0,0,0,0,0
"species-Alistipes_inops",0,0,0,0,0,0,0,0,224414,0,0,0,0,0,0,0,0,0,0,0,0,0,0,0,0,0,0,0,0,0,0,0,0,0,0,0,0,0,0,0,0,0,0,0,0,0,0,0,0,0,0,0,0,0,0,0,0,0,0,0
"species-Alistipes_finegoldii",0,0,0,0,0,0,0,0,49031,12135,0,14158,0,0,0,491,0,0,0,0,0,2068,0,0,0,0,0,6171,0,0,0,0,424,57395,0,0,0,0,0,0,5645,154,0,239,0,0,0,22286,10929,0,0,0,17581,8144,0,0,21231,18608,13949,0
"k__Bacteria|p__Proteobacteria|c__Deltaproteobacteria|o__Desulfovibrionales|f__Desulfovibrionaceae|g__Desulfovibrio|s__Desulfovibrio_legallii",0,0,0,0,0,0,0,0,31187,0,0,0,0,0,0,0,0,0,0,0,0,0,0,0,0,0,0,0,0,0,0,0,0,0,0,0,0,0,0,0,0,0,0,0,0,0,0,0,0,0,0,0,0,0,0,0,0,0,0,0
"species-Bacteroides_salyersiae",0,0,0,0,0,0,0,0,29718,0,0,206699,0,0,0,0,0,0,0,0,0,0,0,0,0,0,0,0,0,0,0,0,0,0,0,0,0,0,0,0,0,0,0,0,0,0,12153,0,0,0,0,0,7460,0,0,0,0,0,9631,0
"species-Mitsuokella_multacida",0,0,0,0,0,0,0,0,11620,0,1073853,410,159164,0,95293,0,0,0,1678,533,227405,1114,0,0,0,0,46009,280085,0,0,11245,3682,0,0,404679,0,0,2282,407,0,291942,0,235579,0,562147,0,0,0,0,0,0,0,0,0,0,0,0,0,0,0
"species-Alistipes_indistinctus",0,0,0,0,0,0,0,0,8759,261,0,258145,16843,0,0,0,0,0,0,0,0,0,0,0,0,0,0,0,0,0,57894,0,0,2875,0,0,0,2292,0,0,0,13536,0,0,0,0,0,0,0,0,0,0,0,0,0,0,0,0,0,0
"species-Holdemanella_biformis",0,0,0,0,0,0,0,0,7363,0,0,0,0,730,0,0,2628,0,0,0,406,0,0,121253,759,0,0,0,0,0,0,0,0,0,0,0,0,0,0,0,0,0,16675,0,0,0,15736,2587,0,0,29808,0,14474,711,0,0,337,0,13981,20669
"species-Firmicutes_bacterium_CAG-83",0,0,0,0,0,0,0,0,433,2857,0,53952,71653,0,0,4623,0,0,0,2309,0,0,46613,0,5322,0,0,1411,0,0,125360,8644,59146,57657,16158,11917,0,491,8556,1789,0,0,1052,35506,1633,0,0,0,0,0,118928,0,1326,1065,0,0,0,0,602,78210
"species-Ruminococcus_sp._CAG-488",0,0,0,0,0,0,0,0,0,168427,0,0,0,0,0,0,0,0,0,4551,0,0,0,0,0,0,0,0,0,0,0,0,0,0,33843,0,0,0,0,0,0,0,0,0,0,217564,14566,0,0,0,511069,0,10482,0,0,272528,0,0,12772,288204
"species-Prevotella_sp._AM42-24",0,0,0,0,0,0,0,0,0,72212,70462,0,48458,0,0,0,0,0,0,676142,0,0,0,0,0,255334,563689,0,178530,0,112110,0,0,0,0,119167,0,0,0,0,0,0,320175,0,1062169,1531,122145,0,0,2167,16153,0,123398,0,2500,7279,0,0,150642,58053
"species-Eubacterium_sp._OM08-24",0,0,0,0,0,0,0,0,0,19979,0,0,0,0,0,0,0,0,0,0,0,0,0,0,0,0,0,0,0,0,0,0,0,1339,0,0,0,0,0,3184,0,0,0,0,0,0,0,0,0,0,0,0,0,0,0,0,0,0,0,0
"species-_lactaris",0,0,0,0,0,0,0,0,0,14040,0,0,0,0,0,0,0,0,0,0,0,1478,0,0,0,0,0,0,0,0,18436,0,0,0,0,0,0,0,0,0,0,0,0,0,0,0,0,0,0,0,0,0,0,0,0,0,0,0,0,0
"species-Gemella_morbillorum",0,0,0,0,0,0,0,0,0,8403,0,0,0,0,0,0,0,0,0,0,0,0,0,0,0,0,0,0,0,0,0,0,0,0,0,0,0,0,0,0,0,0,0,0,0,0,0,0,0,0,0,0,751,0,0,0,0,0,0,0
"species-Desulfovibrio_piger",0,0,0,0,0,0,0,0,0,7494,0,0,0,0,0,0,0,0,6224,0,0,0,0,0,0,0,0,0,0,3703,0,0,79966,0,0,0,0,0,0,0,0,0,0,0,26081,0,0,6908,21450,23523,41981,0,27054,36464,20469,0,11510,5173,18587,40009
"k__Bacteria|p__Fusobacteria|c__Fusobacteriia|o__Fusobacteriales|f__Fusobacteriaceae|g__Fusobacterium|s__Fusobacterium_varium",0,0,0,0,0,0,0,0,0,3348,0,0,0,0,0,0,0,0,0,0,0,0,16219,0,0,0,0,0,0,0,0,0,0,0,0,0,0,0,0,0,0,0,0,0,0,0,0,0,0,0,0,0,0,0,0,0,0,0,0,0
"species-Intestinimonas_butyriciproducens",0,0,0,0,0,0,0,0,0,2646,39947,20634,0,0,0,0,0,0,0,0,0,0,0,0,0,0,0,0,0,0,0,0,0,5437,0,0,0,0,0,0,0,0,0,0,0,0,12068,0,0,17338,0,0,15729,500,13056,0,0,0,14828,14029
"species-Catenibacterium_mitsuokai",0,0,0,0,0,0,0,0,0,2427,17269,0,0,0,0,0,0,2976,4346,9463,28359,10371,0,11710,0,0,2563,0,15945,0,93447,0,0,0,0,0,0,0,0,0,0,0,12585,1229,17478,9815,0,2128,2301,3598,32609,0,0,4552,2620,15210,0,0,0,23826
"species-Roseburia_intestinalis",0,0,0,0,0,0,0,0,0,1840,0,0,0,0,11932,6922,0,3232,0,0,18354,0,446831,0,3324,0,17072,4405,0,0,201250,0,0,10412,32087,0,0,0,0,2931,6567,0,7236,0,2407,0,0,0,0,0,0,0,0,0,0,0,0,0,0,0
"k__Bacteria|p__Actinobacteria|c__Actinobacteria|o__Bifidobacteriales|f__Bifidobacteriaceae|g__Bifidobacterium|s__Bifidobacterium_kashiwanohense",0,0,0,0,0,0,0,0,0,525,0,0,0,0,0,0,0,0,0,0,0,0,797,0,0,0,0,0,0,0,0,0,0,0,0,0,0,0,0,0,0,0,0,0,0,0,0,0,0,0,0,0,0,0,0,0,0,0,0,0
"species-Mitsuokella_jalaludinii",0,0,0,0,0,0,0,0,0,364,1603,0,0,0,0,0,0,0,26738,10615,25161,0,0,0,0,0,0,0,0,0,0,18626,5329,0,0,0,0,16942,29760,0,0,0,28319,0,7401,0,0,0,0,0,0,0,0,0,0,0,0,0,0,0
"k__Bacteria|p__Bacteroidetes|c__Bacteroidia|o__Bacteroidales|f__Prevotellaceae|g__Prevotella|s__Prevotella_sp_CAG_873",0,0,0,0,0,0,0,0,0,0,519011,0,0,0,0,0,0,0,0,0,0,0,0,0,0,0,0,0,0,0,0,0,0,0,0,0,0,0,0,0,0,0,135428,0,0,0,0,0,0,0,0,0,0,0,0,0,0,0,0,0
"species-Acidaminococcus_sp._CAG-542",0,0,0,0,0,0,0,0,0,0,326838,0,0,0,0,0,0,0,0,0,0,0,0,0,0,0,0,33486,0,0,0,0,0,0,0,0,0,0,0,0,44736,0,0,0,0,0,0,0,0,0,0,0,0,0,0,0,0,0,0,0
"k__Bacteria|p__Firmicutes|c__Firmicutes_unclassified|o__Firmicutes_unclassified|f__Firmicutes_unclassified|g__Firmicutes_unclassified|s__Firmicutes_bacterium_CAG_791",0,0,0,0,0,0,0,0,0,0,75197,0,0,0,0,0,0,0,0,0,0,0,0,0,0,0,0,0,11323,0,0,0,0,0,0,0,0,0,0,0,0,0,20558,0,0,226752,0,0,0,0,279010,0,0,0,0,307503,0,0,0,186577
"species-Fusobacterium_nucleatum",0,0,0,0,0,0,0,0,0,0,73732,0,0,0,0,0,0,0,0,0,0,0,0,0,0,0,0,0,0,0,0,0,0,0,0,0,0,0,0,0,0,0,0,0,0,0,4265,0,0,0,0,0,7386,0,0,0,0,0,4890,0
"species-Solobacterium_moorei",0,0,0,0,0,0,0,0,0,0,49781,0,0,0,0,0,0,0,0,0,0,0,0,0,0,0,0,0,0,0,0,0,0,0,0,0,0,0,0,0,0,0,0,0,0,0,714,0,0,0,0,0,1905,0,0,0,0,0,557,0
"species-Prevotella_sp._CAG-1092",0,0,0,0,0,0,0,0,0,0,29622,0,0,0,0,0,0,0,0,0,36288,0,0,0,0,0,0,0,4541,0,0,0,0,0,0,8384,0,0,0,0,0,0,21482,0,6748,1831765,3925,0,0,37884,11038,0,1035,3330,22296,2170132,0,0,1301,24832
"k__Bacteria|p__Firmicutes|c__Negativicutes|o__Acidaminococcales|f__Acidaminococcaceae|g__Acidaminococcus|s__Acidaminococcus_fermentans",0,0,0,0,0,0,0,0,0,0,4191,0,0,0,0,0,0,0,0,0,0,0,0,0,0,0,0,0,0,0,0,0,0,0,0,0,0,0,0,0,0,0,0,0,0,0,0,0,0,0,0,0,0,0,0,0,0,0,0,0
"species-Fusobacterium_naviforme",0,0,0,0,0,0,0,0,0,0,2583,0,0,0,0,0,0,0,0,0,0,0,0,0,0,0,0,0,0,0,0,0,0,0,0,0,0,0,0,0,0,0,0,0,0,0,0,0,0,0,0,0,0,0,0,0,0,0,0,0
"k__Bacteria|p__Fusobacteria|c__Fusobacteriia|o__Fusobacteriales|f__Fusobacteriaceae|g__Cetobacterium|s__Cetobacterium_somerae",0,0,0,0,0,0,0,0,0,0,1695,0,0,0,0,0,0,0,0,0,0,0,0,0,0,0,0,0,0,0,0,0,0,0,0,0,0,0,0,0,0,0,0,0,0,0,0,0,0,0,0,0,0,0,0,0,0,0,0,0
"species-Barnesiella_intestinihominis",0,0,0,0,0,0,0,0,0,0,0,1098297,0,0,0,0,0,0,0,0,0,0,0,0,0,0,0,12060,0,0,0,3752,0,170673,0,0,0,0,4792,0,15040,0,0,1028,1926,0,0,2051,0,0,0,0,3163,0,0,0,0,1925,3456,0
"species-Butyricimonas_synergistica",0,0,0,0,0,0,0,0,0,0,0,53767,0,0,0,0,0,0,0,0,0,32472,0,0,0,0,0,0,0,0,0,0,0,0,0,0,0,0,0,0,0,0,0,5073,0,0,0,0,0,0,0,0,0,0,0,0,0,0,0,0
"species-Lawsonibacter_asaccharolyticus",0,0,0,0,0,0,0,0,0,0,0,2549,0,0,0,0,0,0,0,0,0,0,0,0,0,0,0,0,0,0,0,0,0,0,0,0,0,0,0,0,0,0,0,0,0,0,0,0,0,0,0,0,0,0,0,0,0,0,0,0
"species-Prevotella_sp._885",0,0,0,0,0,0,0,0,0,0,0,0,457574,0,0,0,0,1624007,0,0,394035,0,0,0,0,0,283777,0,204400,0,0,0,0,0,29485,0,0,0,0,0,0,0,169531,0,0,72912,462742,0,0,178540,20317,0,455288,0,126003,97178,0,0,476817,251818
"k__Bacteria|p__Proteobacteria|c__Gammaproteobacteria|o__Enterobacterales|f__Enterobacteriaceae|g__Pluralibacter|s__Pluralibacter_gergoviae",0,0,0,0,0,0,0,0,0,0,0,0,7664,0,0,0,0,0,0,0,0,0,0,0,0,0,0,0,0,0,0,0,0,0,0,0,0,0,0,0,0,0,0,0,0,0,0,0,0,0,0,0,0,0,0,0,0,0,0,0
"species-Bacteroides_faecis",0,0,0,0,0,0,0,0,0,0,0,0,0,14223,0,0,0,0,0,0,0,0,0,0,0,0,0,0,0,0,0,0,0,0,0,0,0,0,0,0,0,0,0,0,0,0,0,0,0,0,0,0,0,0,0,0,0,0,0,0
"k__Bacteria|p__Firmicutes|c__Bacilli|o__Lactobacillales|f__Lactobacillaceae|g__Lactobacillus|s__Lactobacillus_pontis",0,0,0,0,0,0,0,0,0,0,0,0,0,804,0,0,0,0,0,0,0,0,0,0,0,0,0,0,0,0,0,0,0,0,0,0,0,0,0,0,0,0,0,0,0,0,0,0,0,0,0,0,0,0,0,0,0,0,0,0
"k__Bacteria|p__Bacteroidetes|c__Bacteroidia|o__Bacteroidales|f__Prevotellaceae|g__Alloprevotella|s__Prevotella_sp_oral_taxon_473",0,0,0,0,0,0,0,0,0,0,0,0,0,0,88343,0,0,0,0,0,0,0,0,0,0,0,0,0,0,0,0,0,0,0,0,0,0,0,0,0,0,0,0,0,0,0,305,0,0,0,0,0,3450,0,0,0,0,0,483,0
"species-Megasphaera_micronuciformis",0,0,0,0,0,0,0,0,0,0,0,0,0,0,2635,0,0,0,0,0,0,0,0,0,0,0,0,0,0,0,0,0,0,0,0,0,0,0,0,0,0,0,0,0,0,0,0,0,0,0,0,0,0,0,0,0,0,0,0,0
"k__Bacteria|p__Firmicutes|c__Bacilli|o__Lactobacillales|f__Streptococcaceae|g__Streptococcus|s__Streptococcus_infantarius",0,0,0,0,0,0,0,0,0,0,0,0,0,0,1736,0,0,0,0,0,0,0,0,0,0,0,9742,0,0,0,0,0,0,0,0,0,0,0,0,0,0,0,13964,0,0,0,0,0,0,0,0,0,0,0,0,0,0,0,0,0
"species-Streptococcus_salivarius_CAG-79",0,0,0,0,0,0,0,0,0,0,0,0,0,0,325,0,0,0,0,0,0,0,0,0,0,0,0,0,0,0,0,0,0,0,0,0,0,0,0,0,0,0,0,0,0,0,0,0,0,0,0,0,0,0,0,0,0,0,0,0
"species-Phascolarctobacterium_succinatutens",0,0,0,0,0,0,0,0,0,0,0,0,0,0,0,217963,0,0,0,6587,0,0,0,0,0,0,139548,0,0,0,0,0,0,0,0,0,0,0,0,0,0,0,46111,0,0,0,0,0,4139,0,53559,0,0,14113,0,0,0,0,0,35106
"species-Comamonas_kerstersii",0,0,0,0,0,0,0,0,0,0,0,0,0,0,0,5226,0,0,0,933,41208,981116,0,0,0,0,0,0,0,0,0,0,0,1186,0,0,0,0,0,0,0,0,14875,0,0,0,0,0,0,0,286802,0,0,0,0,0,0,0,0,199612
"species-Lachnospira_pectinoschiza",0,0,0,0,0,0,0,0,0,0,0,0,0,0,0,3682,0,0,0,0,96962,0,0,66349,4123,60443,110511,0,0,0,0,0,0,0,0,0,0,0,0,839,0,0,0,0,11770,0,0,0,0,0,0,0,0,0,0,0,0,0,0,0
"species-Ruminococcus_sp._CAG-330",0,0,0,0,0,0,0,0,0,0,0,0,0,0,0,359,0,0,0,0,9066,0,0,0,0,0,0,21159,0,0,0,0,0,0,0,0,0,0,0,0,17913,0,0,0,0,0,0,0,0,0,0,0,0,0,0,0,0,0,0,0
"species-Turicibacter_sanguinis",0,0,0,0,0,0,0,0,0,0,0,0,0,0,0,0,761,0,0,0,0,0,0,0,0,0,0,0,0,0,0,0,0,0,0,0,0,0,0,0,0,0,0,0,362,0,0,0,0,0,0,0,0,0,0,0,0,0,0,0
"species-Bifidobacterium_angulatum",0,0,0,0,0,0,0,0,0,0,0,0,0,0,0,0,0,10387,0,0,0,31191,0,25508,0,0,1572,0,10669,0,0,0,0,0,0,0,0,0,0,998,0,0,0,0,0,0,0,0,0,0,0,0,0,0,0,0,0,0,0,0
"k__Bacteria|p__Bacteroidetes|c__Bacteroidia|o__Bacteroidales|f__Bacteroidaceae|g__Bacteroides|s__Bacteroides_sp_CAG_462",0,0,0,0,0,0,0,0,0,0,0,0,0,0,0,0,0,0,550436,0,0,0,0,0,0,0,0,0,0,0,0,0,0,0,0,0,0,0,0,0,0,0,0,0,0,0,0,0,0,0,0,0,0,0,0,0,0,0,0,0
"species-Eubacterium_ventriosum",0,0,0,0,0,0,0,0,0,0,0,0,0,0,0,0,0,0,38614,0,3316,0,25393,0,0,0,0,0,0,0,13147,0,0,0,0,0,0,0,0,0,0,0,0,0,0,0,0,0,0,0,0,0,0,0,0,0,0,0,0,0
"species-Fusobacterium_mortiferum",0,0,0,0,0,0,0,0,0,0,0,0,0,0,0,0,0,0,3363,0,0,0,0,0,0,0,0,0,0,0,0,0,0,0,0,0,0,0,0,0,0,0,0,0,0,0,0,0,0,0,32867,0,0,0,0,0,0,0,0,21562
"species-Lactobacillus_delbrueckii",0,0,0,0,0,0,0,0,0,0,0,0,0,0,0,0,0,0,1876,0,0,0,5530,0,3929,4140,0,0,0,0,0,0,0,0,0,0,0,0,0,14221,0,0,0,0,0,0,0,0,0,0,0,0,0,0,0,0,0,0,0,0
"species-Butyrivibrio_crossotus",0,0,0,0,0,0,0,0,0,0,0,0,0,0,0,0,0,0,0,625697,735996,0,0,0,0,0,0,0,0,0,0,0,0,0,41518,1259017,0,0,0,0,0,0,0,0,135367,0,11193,0,0,20051,832653,0,6453,0,15374,0,0,0,9235,475409
"species-Butyrivibrio_sp._CAG-318",0,0,0,0,0,0,0,0,0,0,0,0,0,0,0,0,0,0,0,188816,69539,0,0,0,0,0,0,0,0,0,0,0,0,0,0,3597,0,0,0,0,0,0,0,0,194644,0,11755,52717,29755,0,24464,0,39026,48031,0,0,32717,29386,43897,17226
"k__Bacteria|p__Firmicutes|c__Clostridia|o__Clostridiales|f__Clostridiaceae|g__Clostridium|s__Clostridium_sp_CAG_510",0,0,0,0,0,0,0,0,0,0,0,0,0,0,0,0,0,0,0,13810,0,0,0,0,0,0,0,0,0,0,1683456,0,0,0,0,309558,0,0,0,0,0,0,0,0,0,1143982,74373,16809,29374,0,131017,0,84583,53030,0,1380647,9577,11627,86072,98362
"species-Firmicutes_bacterium_CAG-95",0,0,0,0,0,0,0,0,0,0,0,0,0,0,0,0,0,0,0,7271,0,3995,0,0,0,0,0,0,0,0,0,0,0,0,0,3120,0,0,0,0,0,0,0,0,0,290490,0,0,0,0,62596,0,249,7075,0,368034,0,0,0,39919
"species-_torques",0,0,0,0,0,0,0,0,0,0,0,0,0,0,0,0,0,0,0,5503,43492,19103,929,40475,17044,1273,0,0,0,0,28839,0,0,0,0,0,0,0,0,0,0,0,0,0,958,4419,2990,0,0,0,2983,0,0,582,0,13971,0,0,4152,2994
"species-Blastocystis_sp._subtype_1",0,0,0,0,0,0,0,0,0,0,0,0,0,0,0,0,0,0,0,2578,0,0,0,0,0,0,0,0,0,0,0,0,0,0,0,0,0,0,0,0,0,0,0,0,0,60358,0,2355,14066,0,0,0,1150,58392,0,83555,1418,1410,0,0
"species-Anaerobutyricum_hallii",0,0,0,0,0,0,0,0,0,0,0,0,0,0,0,0,0,0,0,477,0,796,0,0,0,0,0,0,0,0,0,0,0,0,0,0,0,0,0,0,0,0,0,0,0,0,0,0,0,0,0,0,0,0,0,0,0,0,0,0
"k__Bacteria|p__Firmicutes|c__Clostridia|o__Clostridiales|f__Clostridiaceae|g__Clostridium|s__Clostridium_sp_CAG_632",0,0,0,0,0,0,0,0,0,0,0,0,0,0,0,0,0,0,0,0,258624,0,0,0,0,0,0,0,0,0,0,0,0,0,0,177281,0,0,0,0,0,0,0,0,0,0,0,21933,15955,14673,237279,0,17137,20685,2971,0,15431,16458,12853,148631
"k__Bacteria|p__Proteobacteria|c__Gammaproteobacteria|o__Aeromonadales|f__Succinivibrionaceae|g__Anaerobiospirillum|s__Anaerobiospirillum_thomasii",0,0,0,0,0,0,0,0,0,0,0,0,0,0,0,0,0,0,0,0,5132,0,0,0,0,0,0,0,0,0,0,0,0,0,0,0,0,0,0,0,0,0,0,0,7114,0,0,0,0,0,0,0,0,0,0,0,0,0,0,0
"species-_leptum",0,0,0,0,0,0,0,0,0,0,0,0,0,0,0,0,0,0,0,0,3759,0,0,0,0,0,0,0,0,0,0,0,0,0,0,0,0,0,0,0,0,0,0,0,0,0,0,0,0,0,0,0,0,0,0,0,0,0,0,0
"k__Bacteria|p__Candidatus_Melainabacteria|c__Candidatus_Melainabacteria_unclassified|o__Candidatus_Gastranaerophilales|f__Candidatus_Gastranaerophilales_unclassified|g__Candidatus_Gastranaerophilales_unclassified|s__Candidatus_Gastranaerophilales_bacterium_HUM_9",0,0,0,0,0,0,0,0,0,0,0,0,0,0,0,0,0,0,0,0,0,185879,0,0,0,0,0,0,0,0,0,0,0,0,0,0,0,0,0,0,0,0,0,0,0,0,0,0,0,0,0,0,0,0,0,0,0,0,0,0
"species-Coprobacter_secundus",0,0,0,0,0,0,0,0,0,0,0,0,0,0,0,0,0,0,0,0,0,37067,0,0,0,0,0,862,0,0,0,0,0,0,0,0,0,0,0,0,2545,0,0,0,0,0,0,0,0,0,0,0,0,0,0,0,0,0,0,0
"species-Victivallis_vadensis",0,0,0,0,0,0,0,0,0,0,0,0,0,0,0,0,0,0,0,0,0,23867,0,0,0,0,0,0,0,0,0,0,0,0,0,0,0,0,0,0,0,0,0,0,0,0,0,0,0,0,0,0,0,0,0,1085,0,0,0,0
"k__Bacteria|p__Firmicutes|c__Bacilli|o__Lactobacillales|f__Lactobacillaceae|g__Lactobacillus|s__Lactobacillus_acidipiscis",0,0,0,0,0,0,0,0,0,0,0,0,0,0,0,0,0,0,0,0,0,13198,0,0,0,0,0,0,0,0,0,0,0,0,0,0,0,0,0,0,0,0,0,0,0,0,0,0,0,0,0,0,0,0,0,0,0,0,0,0
"species-Clostridium_sp._CAG-167",0,0,0,0,0,0,0,0,0,0,0,0,0,0,0,0,0,0,0,0,0,4294,0,0,0,0,0,0,0,0,0,0,0,0,0,0,0,0,0,0,0,0,0,0,0,0,0,0,0,0,0,0,0,0,0,0,0,0,0,0
"species-Roseburia_sp._CAG-182",0,0,0,0,0,0,0,0,0,0,0,0,0,0,0,0,0,0,0,0,0,3232,0,0,0,0,0,0,0,0,0,0,0,0,0,0,0,0,0,0,0,0,0,0,0,0,0,0,0,0,419,0,0,0,0,0,0,0,0,0
"species-Clostridium_sp._CAG-253",0,0,0,0,0,0,0,0,0,0,0,0,0,0,0,0,0,0,0,0,0,0,10492,0,0,0,0,0,0,0,0,0,0,0,0,0,0,0,0,0,0,0,0,0,0,0,0,0,0,0,0,0,0,0,0,0,0,0,0,0
"species-Eubacterium_ramulus",0,0,0,0,0,0,0,0,0,0,0,0,0,0,0,0,0,0,0,0,0,0,7465,0,0,0,0,0,0,0,0,0,0,0,0,0,0,0,0,0,0,0,0,0,0,0,0,0,0,0,1335,0,0,0,0,0,0,0,0,0
"species-Veillonella_rodentium",0,0,0,0,0,0,0,0,0,0,0,0,0,0,0,0,0,0,0,0,0,0,1077,0,0,0,0,0,0,0,0,0,0,0,0,0,0,0,0,0,0,0,0,0,0,0,0,0,0,0,0,0,0,0,0,0,0,0,0,0
"species-Bacteroides_finegoldii",0,0,0,0,0,0,0,0,0,0,0,0,0,0,0,0,0,0,0,0,0,0,0,0,25022,0,0,0,0,0,0,0,0,0,0,0,0,0,0,0,0,0,0,0,0,0,0,0,0,0,0,0,0,0,0,0,0,0,0,0
"k__Bacteria|p__Proteobacteria|c__Epsilonproteobacteria|o__Campylobacterales|f__Campylobacteraceae|g__Campylobacter|s__Campylobacter_jejuni",0,0,0,0,0,0,0,0,0,0,0,0,0,0,0,0,0,0,0,0,0,0,0,0,841,0,0,0,0,0,0,0,0,0,0,0,0,0,0,0,0,0,0,0,0,0,0,0,0,0,0,0,0,0,0,0,0,0,0,0
"species-Lactobacillus_rogosae",0,0,0,0,0,0,0,0,0,0,0,0,0,0,0,0,0,0,0,0,0,0,0,0,0,0,2039,0,0,0,0,0,0,0,0,0,0,0,0,0,0,0,0,0,0,0,0,0,0,0,0,0,0,0,0,0,0,0,0,0
"species-Ruminococcus_callidus",0,0,0,0,0,0,0,0,0,0,0,0,0,0,0,0,0,0,0,0,0,0,0,0,0,0,0,0,0,2378,0,0,0,0,0,0,0,0,0,0,0,0,0,0,0,0,0,0,0,0,0,0,0,0,0,0,0,0,0,0
"species-Adlercreutzia_equolifaciens_1",0,0,0,0,0,0,0,0,0,0,0,0,0,0,0,0,0,0,0,0,0,0,0,0,0,0,0,0,0,0,82696,1650,0,0,0,0,0,0,2186,0,0,0,0,0,0,0,0,0,0,0,0,0,0,0,0,0,0,0,0,0
"species-Adlercreutzia_equolifaciens",0,0,0,0,0,0,0,0,0,0,0,0,0,0,0,0,0,0,0,0,0,0,0,0,0,0,0,0,0,0,30919,170,0,0,0,0,0,0,2652,0,0,0,0,0,0,0,0,0,0,0,0,0,0,0,0,0,0,0,0,0
"species-Intestinibacter_bartlettii",0,0,0,0,0,0,0,0,0,0,0,0,0,0,0,0,0,0,0,0,0,0,0,0,0,0,0,0,0,0,10684,0,0,0,0,0,0,0,0,0,0,0,0,0,0,0,0,0,0,0,0,0,0,0,0,0,0,0,0,0
"species-Firmicutes_bacterium_CAG-534",0,0,0,0,0,0,0,0,0,0,0,0,0,0,0,0,0,0,0,0,0,0,0,0,0,0,0,0,0,0,0,0,313660,0,0,19820,0,0,0,0,0,0,0,0,0,0,0,0,442,33671,223518,0,0,7987,15354,0,0,0,0,155118
"k__Bacteria|p__Firmicutes|c__Clostridia|o__Clostridiales|f__Eubacteriaceae|g__Eubacterium|s__Eubacterium_sp_CAG_786",0,0,0,0,0,0,0,0,0,0,0,0,0,0,0,0,0,0,0,0,0,0,0,0,0,0,0,0,0,0,0,0,0,0,0,48492,0,0,0,0,0,0,0,0,0,0,0,0,0,0,0,0,0,0,0,0,0,0,0,0
"k__Bacteria|p__Proteobacteria|c__Gammaproteobacteria|o__Enterobacterales|f__Erwiniaceae|g__Pantoea|s__Pantoea_dispersa",0,0,0,0,0,0,0,0,0,0,0,0,0,0,0,0,0,0,0,0,0,0,0,0,0,0,0,0,0,0,0,0,0,0,0,13679,0,0,0,0,0,0,0,0,0,0,0,0,0,0,0,0,0,0,0,0,0,0,0,0
"species-Bifidobacterium_dentium",0,0,0,0,0,0,0,0,0,0,0,0,0,0,0,0,0,0,0,0,0,0,0,0,0,0,0,0,0,0,0,0,0,0,0,0,12769,0,0,0,0,0,0,0,0,0,0,0,0,0,0,0,0,0,0,0,0,0,0,0
"species-Neisseria_subflava",0,0,0,0,0,0,0,0,0,0,0,0,0,0,0,0,0,0,0,0,0,0,0,0,0,0,0,0,0,0,0,0,0,0,0,0,4688,0,0,0,0,0,0,0,0,0,0,0,0,0,0,0,0,0,0,0,0,0,0,0
"species-Parvimonas_sp._KA00067",0,0,0,0,0,0,0,0,0,0,0,0,0,0,0,0,0,0,0,0,0,0,0,0,0,0,0,0,0,0,0,0,0,0,0,0,0,0,0,6769,0,0,0,0,0,0,0,0,0,0,0,0,0,0,0,0,0,0,0,0
"species-Eisenbergiella_massiliensis",0,0,0,0,0,0,0,0,0,0,0,0,0,0,0,0,0,0,0,0,0,0,0,0,0,0,0,0,0,0,0,0,0,0,0,0,0,0,0,0,0,1195,0,0,0,0,0,0,0,0,0,0,0,0,0,0,0,0,0,0
"k__Bacteria|p__Spirochaetes|c__Spirochaetia|o__Spirochaetales|f__Spirochaetaceae|g__Treponema|s__Treponema_succinifaciens",0,0,0,0,0,0,0,0,0,0,0,0,0,0,0,0,0,0,0,0,0,0,0,0,0,0,0,0,0,0,0,0,0,0,0,0,0,0,0,0,0,0,71040,0,0,0,0,0,0,3571,0,0,0,0,1016,0,0,0,0,2806
"species-Phascolarctobacterium_sp._CAG-266",0,0,0,0,0,0,0,0,0,0,0,0,0,0,0,0,0,0,0,0,0,0,0,0,0,0,0,0,0,0,0,0,0,0,0,0,0,0,0,0,0,0,0,1641,0,0,0,0,0,0,0,0,0,0,0,0,0,0,0,0
"species-Haemophilus_pittmaniae",0,0,0,0,0,0,0,0,0,0,0,0,0,0,0,0,0,0,0,0,0,0,0,0,0,0,0,0,0,0,0,0,0,0,0,0,0,0,0,0,0,0,0,0,6359,0,0,0,0,0,0,0,0,0,0,0,0,0,0,0
"species-Parabacteroides_sp._CAG-409",0,0,0,0,0,0,0,0,0,0,0,0,0,0,0,0,0,0,0,0,0,0,0,0,0,0,0,0,0,0,0,0,0,0,0,0,0,0,0,0,0,0,0,0,1593,0,0,0,0,0,1359,0,0,0,0,0,0,0,0,0
"species-Prevotella_corporis",0,0,0,0,0,0,0,0,0,0,0,0,0,0,0,0,0,0,0,0,0,0,0,0,0,0,0,0,0,0,0,0,0,0,0,0,0,0,0,0,0,0,0,0,574,0,0,0,0,0,0,0,0,2361,0,0,0,0,0,0
"species-Anaerotruncus_sp._CAG-528",0,0,0,0,0,0,0,0,0,0,0,0,0,0,0,0,0,0,0,0,0,0,0,0,0,0,0,0,0,0,0,0,0,0,0,0,0,0,0,0,0,0,0,0,0,10158,0,0,0,0,0,0,0,0,0,19229,0,0,0,0
"species-Prevotella_intermedia",0,0,0,0,0,0,0,0,0,0,0,0,0,0,0,0,0,0,0,0,0,0,0,0,0,0,0,0,0,0,0,0,0,0,0,0,0,0,0,0,0,0,0,0,0,0,46393,0,0,0,0,0,43038,0,0,0,0,0,33685,7796
"species-Bifidobacterium_pseudolongum",0,0,0,0,0,0,0,0,0,0,0,0,0,0,0,0,0,0,0,0,0,0,0,0,0,0,0,0,0,0,0,0,0,0,0,0,0,0,0,0,0,0,0,0,0,0,21490,0,0,0,0,0,21161,0,0,0,0,0,20426,565
"k__Bacteria|p__Synergistetes|c__Synergistia|o__Synergistales|f__Synergistaceae|g__Pyramidobacter|s__Pyramidobacter_piscolens",0,0,0,0,0,0,0,0,0,0,0,0,0,0,0,0,0,0,0,0,0,0,0,0,0,0,0,0,0,0,0,0,0,0,0,0,0,0,0,0,0,0,0,0,0,0,10659,0,0,0,0,0,11361,0,0,0,0,0,15571,0
"k__Bacteria|p__Bacteroidetes|c__Bacteroidia|o__Bacteroidales|f__Prevotellaceae|g__Prevotella|s__Prevotella_sp_F0091",0,0,0,0,0,0,0,0,0,0,0,0,0,0,0,0,0,0,0,0,0,0,0,0,0,0,0,0,0,0,0,0,0,0,0,0,0,0,0,0,0,0,0,0,0,0,5362,0,0,0,0,0,4120,0,0,0,0,0,6767,0
"species-Dialister_invisus",0,0,0,0,0,0,0,0,0,0,0,0,0,0,0,0,0,0,0,0,0,0,0,0,0,0,0,0,0,0,0,0,0,0,0,0,0,0,0,0,0,0,0,0,0,0,3833,0,0,0,0,0,5717,0,0,0,0,0,4038,0
"species-Eubacterium_coprostanoligenes",0,0,0,0,0,0,0,0,0,0,0,0,0,0,0,0,0,0,0,0,0,0,0,0,0,0,0,0,0,0,0,0,0,0,0,0,0,0,0,0,0,0,0,0,0,0,1352,0,0,0,0,0,3106,0,0,4114,0,0,1688,1218
"species-Prevotella_melaninogenica",0,0,0,0,0,0,0,0,0,0,0,0,0,0,0,0,0,0,0,0,0,0,0,0,0,0,0,0,0,0,0,0,0,0,0,0,0,0,0,0,0,0,0,0,0,0,1029,0,0,0,0,0,0,0,0,0,0,0,0,0
"species-Enterococcus_faecium",0,0,0,0,0,0,0,0,0,0,0,0,0,0,0,0,0,0,0,0,0,0,0,0,0,0,0,0,0,0,0,0,0,0,0,0,0,0,0,0,0,0,0,0,0,0,0,21901,4346,0,0,0,9343,7485,0,0,8054,14860,7624,0
"species-Bacteroides_clarus",0,0,0,0,0,0,0,0,0,0,0,0,0,0,0,0,0,0,0,0,0,0,0,0,0,0,0,0,0,0,0,0,0,0,0,0,0,0,0,0,0,0,0,0,0,0,0,18595,3586,0,0,0,6755,5974,0,0,13014,7625,2772,0
"species-Eisenbergiella_tayi",0,0,0,0,0,0,0,0,0,0,0,0,0,0,0,0,0,0,0,0,0,0,0,0,0,0,0,0,0,0,0,0,0,0,0,0,0,0,0,0,0,0,0,0,0,0,0,9584,12594,0,0,0,18729,11298,0,0,9538,5608,12265,0
"species-Enterococcus_gallinarum",0,0,0,0,0,0,0,0,0,0,0,0,0,0,0,0,0,0,0,0,0,0,0,0,0,0,0,0,0,0,0,0,0,0,0,0,0,0,0,0,0,0,0,0,0,0,0,8306,1684,0,0,0,2364,5266,0,0,5131,1910,4597,0
"species-Enterocloster_citroniae",0,0,0,0,0,0,0,0,0,0,0,0,0,0,0,0,0,0,0,0,0,0,0,0,0,0,0,0,0,0,0,0,0,0,0,0,0,0,0,0,0,0,0,0,0,0,0,7976,3766,0,0,0,3341,1724,0,0,5661,6155,3413,0
"species-Ruminococcaceae_bacterium_D5",0,0,0,0,0,0,0,0,0,0,0,0,0,0,0,0,0,0,0,0,0,0,0,0,0,0,0,0,0,0,0,0,0,0,0,0,0,0,0,0,0,0,0,0,0,0,0,3029,9357,3990,0,0,12219,15997,2026,0,4677,2054,8925,0
"species-Hungatella_hathewayi",0,0,0,0,0,0,0,0,0,0,0,0,0,0,0,0,0,0,0,0,0,0,0,0,0,0,0,0,0,0,0,0,0,0,0,0,0,0,0,0,0,0,0,0,0,0,0,1487,0,0,0,0,559,1506,0,0,832,985,474,0
"k__Bacteria|p__Spirochaetes|c__Spirochaetia|o__Spirochaetales|f__Spirochaetaceae|g__Treponema|s__Treponema_berlinense",0,0,0,0,0,0,0,0,0,0,0,0,0,0,0,0,0,0,0,0,0,0,0,0,0,0,0,0,0,0,0,0,0,0,0,0,0,0,0,0,0,0,0,0,0,0,0,0,5839,0,0,0,0,14771,0,0,0,0,0,0
"species-Streptococcus_pasteurianus",0,0,0,0,0,0,0,0,0,0,0,0,0,0,0,0,0,0,0,0,0,0,0,0,0,0,0,0,0,0,0,0,0,0,0,0,0,0,0,0,0,0,0,0,0,0,0,0,1352,0,0,0,0,1480,0,0,0,1658,0,0
"species-Roseburia_sp._CAG-309",0,0,0,0,0,0,0,0,0,0,0,0,0,0,0,0,0,0,0,0,0,0,0,0,0,0,0,0,0,0,0,0,0,0,0,0,0,0,0,0,0,0,0,0,0,0,0,0,0,12671,0,0,0,0,2667,0,0,0,0,3373
"k__Bacteria|p__Firmicutes|c__Firmicutes_unclassified|o__Firmicutes_unclassified|f__Firmicutes_unclassified|g__Firmicutes_unclassified|s__Firmicutes_bacterium_CAG_555",0,0,0,0,0,0,0,0,0,0,0,0,0,0,0,0,0,0,0,0,0,0,0,0,0,0,0,0,0,0,0,0,0,0,0,0,0,0,0,0,0,0,0,0,0,0,0,0,0,9928,12731,0,0,0,2947,0,0,0,0,12743
"genus-Streptococcus",0,0,0,0,0,0,0,0,0,0,0,0,0,0,0,0,0,0,0,0,0,0,0,0,0,0,0,0,0,0,0,0,0,0,0,0,0,0,0,0,0,0,0,0,0,0,0,0,0,411,0,0,0,0,0,0,0,0,0,0
"species-Ruminococcus_obeum_CAG-39",0,0,0,0,0,0,0,0,0,0,0,0,0,0,0,0,0,0,0,0,0,0,0,0,0,0,0,0,0,0,0,0,0,0,0,0,0,0,0,0,0,0,0,0,0,0,0,0,0,0,1360,0,0,0,0,0,0,0,0,0
"species-Streptococcus_lutetiensis",0,0,0,0,0,0,0,0,0,0,0,0,0,0,0,0,0,0,0,0,0,0,0,0,0,0,0,0,0,0,0,0,0,0,0,0,0,0,0,0,0,0,0,0,0,0,0,0,0,0,0,0,0,9905,0,0,0,0,0,0
"species-Prevotella_timonensis",0,0,0,0,0,0,0,0,0,0,0,0,0,0,0,0,0,0,0,0,0,0,0,0,0,0,0,0,0,0,0,0,0,0,0,0,0,0,0,0,0,0,0,0,0,0,0,0,0,0,0,0,0,6106,0,0,0,0,0,0
"species-Campylobacter_ureolyticus",0,0,0,0,0,0,0,0,0,0,0,0,0,0,0,0,0,0,0,0,0,0,0,0,0,0,0,0,0,0,0,0,0,0,0,0,0,0,0,0,0,0,0,0,0,0,0,0,0,0,0,0,0,947,0,0,0,0,0,0
"k__Bacteria|p__Bacteroidetes|c__Bacteroidia|o__Bacteroidales|f__Prevotellaceae|g__Prevotella|s__Prevotella_sp_oral_taxon_376",0,0,0,0,0,0,0,0,0,0,0,0,0,0,0,0,0,0,0,0,0,0,0,0,0,0,0,0,0,0,0,0,0,0,0,0,0,0,0,0,0,0,0,0,0,0,0,0,0,0,0,0,0,0,0,0,0,0,1286,0
